Genre,Document,EDU_Count,Token_Count,Tokens_Per_EDU_AVG,Stopword_Percentage,Type_Token_Ratio,Nuc_Sat_Relation_Percentage,Adversative_Relation_Percentage,Attribution_Relation_Percentage,Causal_Relation_Percentage,Context_Relation_Percentage,Contingency_Relation_Percentage,Elaboration_Relation_Percentage,Evaluation_Relation_Percentage,Explanation_Relation_Percentage,Joint_Relation_Percentage,Mode_Relation_Percentage,Organization_Relation_Percentage,Purpose_Relation_Percentage,Restatement_Relation_Percentage,SameUnit_Relation_Percentage,Topic_Relation_Percentage,Marker_Per_EDU_AVG,Marked_EDU_Percentage,DM_Marker_Per_EDU_AVG,DM_Marked_Percentage,Graphical_Marker_Per_EDU_AVG,Graphical_Marked_Percentage,Lexical_Marker_Per_EDU_AVG,Lexical_Marked_Percentage,Morphological_Marker_Per_EDU_AVG,Morphological_Marked_Percentage,Numerical_Marker_Per_EDU_AVG,Numerical_Marked_Percentage,Reference_Marker_Per_EDU_AVG,Reference_Marked_Percentage,Semantic_Marker_Per_EDU_AVG,Semantic_Marked_Percentage,Syntactic_Marker_Per_EDU_AVG,Syntactic_Marked_Percentage,Declarative_Stype_Percentage,Fragment_Stype_Percentage,Gerund_Stype_Percentage,Imperative_Stype_Percentage,Infinitive_Stype_Percentage,Interjection_Stype_Percentage,Multiple_Stype_Percentage,Other_Stype_Percentage,Question_Stype_Percentage,Subordinate_Stype_Percentage,Whword_Stype_Percentage,EDU_tense_Fut_Percentage,EDU_tense_Modal_Percentage,EDU_tense_None_Percentage,EDU_tense_Past_Percentage,EDU_tense_Pres_Percentage
academic,art,74,752,10.16,35.37,41.49,75.34,5.48,1.37,0.0,10.96,0.0,39.73,1.37,6.85,15.07,1.37,2.74,6.85,0.0,8.22,0.0,1.67,82.19,0.18,15.07,0.05,5.48,0.11,9.59,0.01,1.37,0.0,0.0,0.08,6.85,0.51,30.14,0.73,43.84,81.08,8.11,0.0,0.0,0.0,0.0,0.0,0.0,1.35,6.76,2.7,1.35,1.35,58.11,2.7,36.49
academic,census,110,1056,9.6,32.86,41.76,76.15,10.09,1.83,4.59,6.42,0.0,21.1,6.42,16.51,12.84,7.34,2.75,4.59,0.92,4.59,0.0,1.28,86.24,0.35,33.03,0.18,17.43,0.17,13.76,0.0,0.0,0.01,0.92,0.04,3.67,0.18,14.68,0.35,25.69,86.36,0.91,0.0,0.0,0.0,0.0,4.55,0.0,0.0,8.18,0.0,1.82,6.36,60.91,0.91,30.0
academic,economics,110,873,7.94,36.66,39.63,72.48,3.67,1.83,4.59,9.17,3.67,29.36,1.83,11.01,17.43,1.83,5.5,1.83,0.0,7.34,0.92,1.05,67.89,0.22,21.1,0.16,12.84,0.05,3.67,0.0,0.0,0.0,0.0,0.03,2.75,0.19,14.68,0.4,23.85,84.55,3.64,0.0,0.0,0.0,0.0,1.82,0.0,0.0,6.36,3.64,3.64,4.55,46.36,2.73,42.73
academic,enjambment,108,887,8.21,24.69,40.02,72.9,2.8,2.8,3.74,10.28,3.74,29.91,0.93,5.61,19.63,0.93,5.61,4.67,0.93,6.54,1.87,1.26,73.83,0.21,20.56,0.14,14.02,0.14,13.08,0.0,0.0,0.0,0.0,0.03,2.8,0.36,28.04,0.38,24.3,71.3,15.74,0.0,0.0,0.0,0.0,12.04,0.0,0.0,0.0,0.93,0.0,3.7,63.89,8.33,24.07
academic,epistemic,143,1063,7.43,36.97,42.62,82.39,8.45,3.52,7.04,5.63,2.82,22.54,2.82,16.2,7.75,2.11,1.41,10.56,0.7,8.45,0.0,1.01,68.31,0.22,21.83,0.07,7.04,0.08,7.75,0.0,0.0,0.0,0.0,0.03,2.82,0.08,7.75,0.53,33.8,65.03,0.7,0.0,0.7,0.0,0.0,11.19,0.0,0.0,22.38,0.0,0.7,8.39,61.54,6.29,23.08
academic,games,104,936,9.0,34.83,37.29,71.84,1.94,2.91,0.0,2.91,0.97,34.95,1.94,11.65,17.48,5.83,2.91,8.74,0.97,6.8,0.0,1.25,74.76,0.13,12.62,0.1,9.71,0.12,9.71,0.0,0.0,0.02,1.94,0.03,2.91,0.25,21.36,0.61,34.95,96.15,3.85,0.0,0.0,0.0,0.0,0.0,0.0,0.0,0.0,0.0,0.0,0.96,61.54,8.65,28.85
academic,huh,139,1097,7.89,37.37,34.46,76.81,9.42,8.7,1.45,5.07,0.0,30.43,0.0,13.04,10.87,0.72,2.9,2.9,4.35,8.7,1.45,1.3,76.81,0.22,21.01,0.2,19.57,0.17,15.22,0.0,0.0,0.01,0.72,0.04,3.62,0.28,23.19,0.39,25.36,85.61,6.47,0.0,1.44,0.0,0.0,5.76,0.0,0.72,0.0,0.0,0.0,5.04,52.52,2.88,39.57
academic,implicature,93,827,8.89,38.81,40.27,65.22,17.39,9.78,3.26,4.35,2.17,13.04,3.26,4.35,19.57,2.17,5.43,5.43,2.17,7.61,0.0,1.26,76.09,0.35,34.78,0.09,5.43,0.24,22.83,0.01,1.09,0.0,0.0,0.02,2.17,0.18,17.39,0.37,26.09,77.42,3.23,0.0,0.0,0.0,0.0,13.98,0.0,0.0,5.38,0.0,0.0,12.9,53.76,15.05,18.28
academic,lighting,99,785,7.93,35.67,38.47,74.49,1.02,1.02,3.06,10.2,0.0,27.55,2.04,13.27,11.22,4.08,6.12,2.04,8.16,9.18,1.02,1.18,70.41,0.16,16.33,0.17,16.33,0.07,7.14,0.0,0.0,0.0,0.0,0.04,4.08,0.35,19.39,0.39,20.41,89.9,10.1,0.0,0.0,0.0,0.0,0.0,0.0,0.0,0.0,0.0,3.03,1.01,60.61,3.03,32.32
academic,mutation,109,912,8.37,37.28,34.32,81.48,2.78,0.93,2.78,7.41,0.93,32.41,0.0,6.48,13.89,1.85,11.11,11.11,4.63,3.7,0.0,1.36,78.7,0.19,19.44,0.19,16.67,0.03,2.78,0.0,0.0,0.01,0.93,0.12,9.26,0.31,22.22,0.51,28.7,79.82,9.17,0.0,0.0,0.0,0.0,0.0,11.01,0.0,0.0,0.0,3.67,2.75,62.39,1.83,29.36
academic,replication,98,1054,10.76,30.65,35.96,69.07,3.09,0.0,3.09,3.09,2.06,28.87,1.03,20.62,12.37,0.0,2.06,4.12,3.09,16.49,0.0,1.07,57.73,0.14,14.43,0.18,14.43,0.13,8.25,0.0,0.0,0.01,1.03,0.0,0.0,0.21,15.46,0.4,22.68,97.96,2.04,0.0,0.0,0.0,0.0,0.0,0.0,0.0,0.0,0.0,0.0,2.04,69.39,3.06,25.51
academic,salinity,118,983,8.33,27.47,36.32,65.81,2.56,0.85,2.56,6.84,0.0,11.97,0.0,21.37,12.82,2.56,1.71,3.42,12.82,19.66,0.85,1.21,76.07,0.23,21.37,0.35,34.19,0.11,10.26,0.0,0.0,0.0,0.0,0.02,1.71,0.29,21.37,0.21,14.53,97.46,0.85,0.0,0.0,0.0,0.0,0.0,0.0,0.0,1.69,0.0,0.0,1.69,72.03,0.85,25.42
academic,theropod,136,1304,9.59,34.82,32.75,82.96,9.63,8.89,6.67,7.41,0.74,27.41,0.74,17.78,6.67,1.48,0.74,3.7,0.74,7.41,0.0,1.32,80.0,0.21,20.74,0.15,14.81,0.11,10.37,0.01,0.74,0.0,0.0,0.03,2.96,0.33,21.48,0.49,33.33,81.62,0.74,0.0,0.0,0.0,0.0,1.47,0.0,0.0,16.18,0.0,0.0,4.41,55.15,17.65,22.79
academic,thrones,87,910,10.46,33.41,42.09,76.74,2.33,1.16,1.16,12.79,0.0,31.4,1.16,9.3,10.47,4.65,5.81,4.65,4.65,10.47,0.0,1.28,66.28,0.15,15.12,0.16,16.28,0.13,11.63,0.01,1.16,0.02,2.33,0.05,4.65,0.26,19.77,0.5,29.07,81.61,18.39,0.0,0.0,0.0,0.0,0.0,0.0,0.0,0.0,0.0,2.3,2.3,62.07,3.45,29.89
academic,exposure,110,963,8.75,28.97,29.8,70.64,11.01,2.75,0.0,2.75,0.0,21.1,0.92,27.52,11.01,0.0,3.67,1.83,2.75,13.76,0.92,1.52,78.9,0.17,14.68,0.34,33.94,0.11,11.01,0.0,0.0,0.0,0.0,0.03,2.75,0.65,22.94,0.23,13.76,76.36,1.82,0.0,3.64,0.0,0.0,6.36,0.0,0.0,11.82,0.0,0.0,2.73,74.55,5.45,17.27
academic,librarians,94,810,8.62,37.28,40.37,67.74,3.23,4.3,1.08,6.45,0.0,26.88,1.08,1.08,23.66,9.68,2.15,10.75,2.15,7.53,0.0,1.32,77.42,0.16,16.13,0.15,12.9,0.17,15.05,0.0,0.0,0.01,1.08,0.01,1.08,0.22,17.2,0.6,41.94,74.47,7.45,1.06,0.0,11.7,0.0,0.0,0.0,0.0,5.32,0.0,2.13,2.13,69.15,8.51,18.09
academic,discrimination,140,1051,7.51,31.11,40.25,73.38,5.04,1.44,3.6,4.32,0.0,29.5,0.72,12.23,13.67,5.76,7.91,4.32,0.72,10.79,0.0,1.28,76.26,0.19,19.42,0.34,28.06,0.09,8.63,0.0,0.0,0.01,1.44,0.03,2.88,0.2,15.83,0.42,25.18,87.86,11.43,0.0,0.0,0.0,0.0,0.0,0.0,0.0,0.0,0.71,0.0,0.0,76.43,11.43,12.14
academic,eegimaa,109,901,8.27,37.62,31.63,68.52,1.85,0.93,1.85,3.7,0.0,41.67,1.85,6.48,14.81,3.7,6.48,1.85,0.0,14.81,0.0,1.13,73.15,0.15,14.81,0.17,15.74,0.05,4.63,0.0,0.0,0.0,0.0,0.03,2.78,0.27,18.52,0.47,25.93,94.5,5.5,0.0,0.0,0.0,0.0,0.0,0.0,0.0,0.0,0.0,0.92,0.0,66.97,1.83,30.28
bio,bernoulli,114,1038,9.11,39.4,41.14,70.8,4.42,1.77,7.96,10.62,0.88,29.2,0.88,1.77,22.12,2.65,4.42,5.31,1.77,5.31,0.88,1.29,76.99,0.22,21.24,0.13,13.27,0.14,11.5,0.0,0.0,0.01,0.88,0.1,9.73,0.25,18.58,0.44,26.55,94.74,5.26,0.0,0.0,0.0,0.0,0.0,0.0,0.0,0.0,0.0,0.0,0.88,49.12,35.96,14.04
bio,chao,59,628,10.64,37.42,46.82,48.28,1.72,0.0,1.72,10.34,0.0,20.69,1.72,0.0,46.55,1.72,3.45,8.62,0.0,3.45,0.0,1.31,74.14,0.24,24.14,0.05,5.17,0.41,27.59,0.0,0.0,0.0,0.0,0.12,10.34,0.16,12.07,0.33,22.41,96.61,3.39,0.0,0.0,0.0,0.0,0.0,0.0,0.0,0.0,0.0,0.0,0.0,44.07,54.24,1.69
bio,enfant,70,676,9.66,35.65,39.79,57.97,2.9,0.0,1.45,11.59,0.0,21.74,0.0,4.35,34.78,1.45,10.14,4.35,1.45,5.8,0.0,1.2,75.36,0.2,20.29,0.17,17.39,0.35,26.09,0.0,0.0,0.0,0.0,0.03,2.9,0.2,14.49,0.25,15.94,92.86,7.14,0.0,0.0,0.0,0.0,0.0,0.0,0.0,0.0,0.0,0.0,0.0,62.86,35.71,1.43
bio,fillmore,112,1083,9.67,34.9,40.9,65.77,1.8,1.8,0.0,12.61,0.0,29.73,1.8,13.51,28.83,2.7,3.6,0.0,0.0,3.6,0.0,1.36,79.28,0.21,18.02,0.17,17.12,0.3,21.62,0.02,1.8,0.0,0.0,0.08,8.11,0.22,18.02,0.37,18.92,96.43,3.57,0.0,0.0,0.0,0.0,0.0,0.0,0.0,0.0,0.0,0.0,1.79,58.93,31.25,8.04
bio,galois,158,1243,7.87,36.36,40.79,71.97,8.92,4.46,7.01,8.92,1.27,22.29,1.27,16.56,15.92,0.64,1.91,3.18,0.64,7.01,0.0,1.13,71.97,0.23,22.29,0.21,21.02,0.1,7.64,0.01,0.64,0.0,0.0,0.05,4.46,0.21,17.2,0.32,21.02,93.67,1.27,0.0,1.27,0.0,0.0,1.9,0.0,0.0,1.9,0.0,0.0,1.27,55.7,27.22,15.82
bio,goode,78,678,8.69,26.4,45.13,50.65,0.0,0.0,1.3,19.48,0.0,16.88,0.0,6.49,31.17,0.0,7.79,0.0,0.0,16.88,0.0,0.87,61.04,0.08,7.79,0.16,15.58,0.27,24.68,0.01,1.3,0.01,1.3,0.04,3.9,0.1,10.39,0.19,10.39,94.87,5.13,0.0,0.0,0.0,0.0,0.0,0.0,0.0,0.0,0.0,0.0,0.0,66.67,19.23,14.1
bio,gordon,90,1000,11.11,38.2,39.5,53.93,4.49,0.0,4.49,14.61,0.0,21.35,0.0,10.11,32.58,1.12,2.25,1.12,0.0,7.87,0.0,1.15,70.79,0.26,24.72,0.16,15.73,0.22,16.85,0.01,1.12,0.0,0.0,0.09,8.99,0.16,14.61,0.25,15.73,96.67,3.33,0.0,0.0,0.0,0.0,0.0,0.0,0.0,0.0,0.0,0.0,0.0,58.89,40.0,1.11
bio,hadid,53,567,10.7,36.68,50.79,53.85,0.0,3.85,1.92,1.92,0.0,30.77,1.92,5.77,36.54,0.0,5.77,3.85,3.85,3.85,0.0,1.12,71.15,0.12,11.54,0.1,9.62,0.31,21.15,0.0,0.0,0.0,0.0,0.19,19.23,0.15,15.38,0.25,15.38,96.23,3.77,0.0,0.0,0.0,0.0,0.0,0.0,0.0,0.0,0.0,0.0,7.55,33.96,52.83,5.66
bio,higuchi,123,962,7.82,33.47,41.37,56.56,4.92,2.46,4.92,7.38,0.0,26.23,0.82,1.64,22.13,1.64,4.1,3.28,4.1,16.39,0.0,1.18,67.21,0.19,18.03,0.16,15.57,0.12,8.2,0.02,1.64,0.0,0.0,0.1,9.02,0.2,17.21,0.39,22.13,97.56,2.44,0.0,0.0,0.0,0.0,0.0,0.0,0.0,0.0,0.0,0.0,3.25,56.91,33.33,6.5
bio,holt,133,1078,8.11,27.55,33.02,58.33,3.79,0.0,0.76,13.64,0.0,11.36,0.76,12.12,34.85,0.0,12.88,3.03,2.27,4.55,0.0,1.14,72.73,0.16,15.15,0.29,28.79,0.25,18.94,0.01,0.76,0.0,0.0,0.02,2.27,0.26,18.94,0.15,10.61,69.17,23.31,0.0,0.0,0.0,0.0,0.0,7.52,0.0,0.0,0.0,0.0,0.0,67.67,27.07,5.26
bio,jerome,138,1066,7.72,39.49,42.96,70.07,5.84,0.0,3.65,10.22,0.0,28.47,0.73,13.14,21.17,0.73,4.38,5.11,0.0,6.57,0.0,1.07,72.99,0.18,16.79,0.22,21.9,0.04,4.38,0.01,0.73,0.0,0.0,0.09,8.03,0.15,13.14,0.39,21.17,93.48,6.52,0.0,0.0,0.0,0.0,0.0,0.0,0.0,0.0,0.0,0.0,3.62,60.14,29.71,6.52
bio,marbles,125,940,7.52,28.62,41.28,63.71,0.0,3.23,0.81,3.23,0.0,29.84,0.0,19.35,31.45,1.61,4.84,1.61,0.0,4.03,0.0,1.24,75.0,0.13,12.1,0.28,28.23,0.1,9.68,0.0,0.0,0.0,0.0,0.07,6.45,0.23,18.55,0.43,23.39,95.2,4.8,0.0,0.0,0.0,0.0,0.0,0.0,0.0,0.0,0.0,0.0,0.8,56.8,23.2,19.2
bio,moreau,138,1016,7.36,26.08,41.63,53.28,2.92,0.73,1.46,11.68,0.0,21.9,0.73,12.41,28.47,0.0,2.92,0.0,0.0,16.79,0.0,0.91,66.42,0.14,13.14,0.31,30.66,0.21,16.79,0.0,0.0,0.0,0.0,0.02,2.19,0.14,10.22,0.09,5.84,86.96,3.62,0.0,0.0,0.0,0.0,0.0,9.42,0.0,0.0,0.0,0.0,0.0,71.74,28.26,0.0
bio,nida,106,987,9.31,36.78,42.35,60.0,7.62,2.86,0.0,6.67,0.0,24.76,0.95,0.95,25.71,3.81,9.52,2.86,3.81,10.48,0.0,1.3,74.29,0.19,19.05,0.16,16.19,0.2,18.1,0.0,0.0,0.01,0.95,0.05,3.81,0.33,25.71,0.35,21.9,76.42,6.6,0.0,0.94,0.0,0.0,0.0,11.32,0.0,4.72,0.0,0.0,5.66,52.83,24.53,16.98
bio,padalecki,117,1050,8.97,29.33,44.0,61.21,2.59,0.86,0.0,7.76,0.0,25.0,0.0,17.24,33.62,0.86,5.17,3.45,0.0,3.45,0.0,1.22,81.03,0.12,12.07,0.24,24.14,0.25,21.55,0.0,0.0,0.0,0.0,0.04,4.31,0.2,12.93,0.37,23.28,94.87,4.27,0.0,0.85,0.0,0.0,0.0,0.0,0.0,0.0,0.0,0.0,0.0,56.41,32.48,11.11
bio,theodorus,99,798,8.06,36.34,43.11,57.14,13.27,4.08,7.14,13.27,0.0,11.22,2.04,2.04,35.71,3.06,3.06,1.02,0.0,4.08,0.0,0.96,70.41,0.41,40.82,0.06,6.12,0.13,11.22,0.01,1.02,0.0,0.0,0.02,2.04,0.14,12.24,0.18,14.29,96.97,3.03,0.0,0.0,0.0,0.0,0.0,0.0,0.0,0.0,0.0,0.0,4.04,44.44,48.48,3.03
bio,byron,91,746,8.2,33.91,45.44,71.11,5.56,2.22,5.56,10.0,0.0,21.11,2.22,21.11,18.89,0.0,3.33,1.11,1.11,7.78,0.0,1.1,71.11,0.13,13.33,0.27,26.67,0.17,14.44,0.0,0.0,0.0,0.0,0.07,6.67,0.14,11.11,0.32,17.78,92.31,2.2,0.0,0.0,0.0,1.1,0.0,0.0,0.0,4.4,0.0,1.1,2.2,53.85,32.97,9.89
bio,emperor,85,959,11.28,37.33,42.13,70.24,3.57,3.57,8.33,10.71,0.0,30.95,0.0,4.76,20.24,3.57,2.38,4.76,0.0,7.14,0.0,1.29,71.43,0.23,19.05,0.13,13.1,0.19,15.48,0.0,0.0,0.0,0.0,0.12,9.52,0.2,15.48,0.42,23.81,92.94,5.88,0.0,0.0,0.0,0.0,0.0,1.18,0.0,0.0,0.0,0.0,2.35,51.76,34.12,11.76
bio,dvorak,71,696,9.8,35.2,44.4,60.0,4.29,0.0,8.57,8.57,0.0,24.29,4.29,8.57,30.0,0.0,2.86,1.43,2.86,4.29,0.0,1.11,71.43,0.24,22.86,0.14,14.29,0.3,21.43,0.0,0.0,0.01,1.43,0.06,5.71,0.19,17.14,0.17,11.43,97.18,2.82,0.0,0.0,0.0,0.0,0.0,0.0,0.0,0.0,0.0,0.0,0.0,60.56,33.8,5.63
bio,jespersen,111,983,8.86,37.23,42.93,57.27,4.55,0.91,1.82,13.64,0.0,26.36,1.82,1.82,32.73,0.91,4.55,1.82,0.0,9.09,0.0,1.06,70.0,0.19,19.09,0.13,11.82,0.28,22.73,0.0,0.0,0.01,0.91,0.08,8.18,0.14,12.73,0.24,13.64,93.69,2.7,0.0,0.0,0.0,0.0,0.0,0.0,3.6,0.0,0.0,0.0,0.0,51.35,35.14,13.51
conversation,atoms,201,1154,5.74,38.3,25.48,68.5,7.5,4.5,0.5,3.0,0.5,13.5,12.0,4.5,16.0,0.0,12.0,0.0,17.0,0.0,9.0,0.97,65.0,0.12,12.0,0.07,6.5,0.22,17.5,0.03,2.5,0.01,1.5,0.1,7.5,0.29,26.0,0.14,8.5,30.35,25.37,0.0,5.47,0.5,8.46,14.93,2.99,5.47,2.49,3.98,0.5,7.96,58.71,4.98,27.86
conversation,blacksmithing,241,1517,6.29,45.35,19.18,74.17,7.5,1.67,3.75,5.0,1.25,12.92,3.75,2.08,13.33,1.25,30.83,2.08,5.83,5.83,2.92,0.95,66.25,0.21,19.17,0.01,1.25,0.26,24.58,0.0,0.0,0.0,0.0,0.22,15.42,0.11,9.17,0.15,10.42,61.0,2.49,1.24,0.0,0.0,2.9,4.98,7.88,4.56,14.52,0.41,1.24,7.47,31.12,10.79,49.38
conversation,christmas,241,1112,4.61,36.42,22.93,77.08,3.33,2.08,1.67,4.58,1.25,10.83,9.58,5.42,15.0,0.42,27.08,1.25,10.0,0.42,7.08,0.69,52.92,0.08,7.92,0.06,5.83,0.32,29.58,0.0,0.0,0.0,0.0,0.06,5.0,0.12,10.0,0.05,3.33,33.2,7.47,0.0,4.98,0.83,25.73,0.41,10.37,9.13,6.22,1.66,3.32,4.56,59.75,4.56,27.8
conversation,erasmus,173,1315,7.6,44.33,30.04,62.79,5.23,10.47,3.49,5.81,1.74,17.44,4.65,6.98,26.16,1.16,6.98,1.16,2.33,5.23,1.16,1.03,66.86,0.3,28.49,0.0,0.0,0.13,13.37,0.01,1.16,0.0,0.0,0.08,5.81,0.22,18.6,0.29,18.02,62.43,5.78,0.0,0.58,1.16,0.0,14.45,6.36,2.31,4.62,2.31,2.89,6.36,32.37,15.03,43.35
conversation,family,250,1290,5.16,39.92,23.33,81.12,8.84,8.84,3.61,6.43,2.01,9.24,5.62,3.61,9.64,0.4,22.49,0.4,7.63,1.2,10.04,0.99,63.45,0.16,15.26,0.09,9.24,0.32,29.32,0.02,1.61,0.0,0.0,0.1,8.43,0.22,16.87,0.08,7.63,45.6,9.2,0.0,2.0,0.4,10.4,6.0,6.8,12.0,3.2,4.4,1.2,3.2,50.0,17.2,28.4
conversation,gossip,196,1089,5.56,39.39,27.46,78.46,6.15,3.59,3.59,4.62,1.54,8.21,13.33,3.59,14.36,3.08,19.49,0.0,9.23,1.03,8.21,0.89,59.49,0.15,12.82,0.07,6.67,0.25,21.54,0.01,0.51,0.01,0.51,0.18,14.87,0.13,11.28,0.1,7.18,60.2,5.1,1.53,2.55,0.0,5.61,1.02,6.63,8.16,5.61,3.57,4.08,3.57,37.24,14.29,40.82
conversation,scientist,175,1217,6.95,42.97,25.8,72.99,6.9,3.45,1.72,4.02,1.72,19.54,5.17,2.3,17.24,2.3,24.71,0.57,4.02,4.02,2.3,0.97,67.82,0.25,23.56,0.02,1.72,0.26,24.14,0.0,0.0,0.0,0.0,0.09,6.9,0.14,12.64,0.21,12.64,49.71,8.57,6.86,0.0,1.71,9.14,8.57,6.29,2.86,5.14,1.14,0.0,3.43,48.57,12.0,36.0
conversation,toys,242,1362,5.63,37.67,24.01,79.25,7.88,7.47,1.24,4.98,0.41,14.11,5.39,4.56,12.03,1.24,21.58,1.24,9.54,0.41,7.88,1.04,65.98,0.17,16.18,0.07,7.05,0.29,26.56,0.0,0.41,0.0,0.0,0.15,12.86,0.23,17.01,0.12,8.71,45.87,7.85,0.0,4.55,1.24,12.4,5.79,0.83,12.4,1.65,7.44,0.41,6.2,49.59,9.92,33.88
conversation,vet,172,1113,6.47,38.19,25.25,77.78,3.51,5.26,6.43,7.02,2.92,8.19,4.09,6.43,10.53,0.58,27.49,2.34,8.19,2.34,4.68,1.07,64.33,0.22,19.3,0.05,4.68,0.29,26.9,0.02,2.34,0.0,0.0,0.12,8.19,0.23,14.62,0.14,11.11,37.79,6.98,0.0,1.74,0.58,15.12,2.91,7.56,6.98,19.77,0.58,4.07,10.47,50.58,9.88,25.0
conversation,zero,194,1159,5.97,40.12,18.21,80.83,5.18,4.15,6.74,6.22,1.04,8.81,4.66,4.66,12.44,0.0,20.73,1.55,10.88,1.55,11.4,0.99,64.77,0.16,13.99,0.11,11.4,0.27,24.87,0.01,1.04,0.0,0.0,0.12,11.4,0.2,11.92,0.11,9.84,47.42,5.15,0.0,2.58,0.0,14.95,0.0,3.61,17.01,3.61,5.67,0.0,7.22,45.36,5.67,41.75
conversation,grounded,235,1247,5.31,43.14,24.7,71.79,8.97,8.55,3.42,6.41,1.71,8.97,8.12,6.41,18.38,2.14,9.4,2.99,5.98,1.28,7.26,0.97,58.55,0.18,15.38,0.06,5.98,0.24,21.37,0.02,1.71,0.0,0.0,0.13,11.54,0.21,17.95,0.13,9.83,56.17,5.53,0.0,2.98,0.0,7.23,0.85,5.96,7.66,8.09,5.53,2.55,4.26,43.4,20.43,29.36
conversation,risk,197,944,4.79,33.58,26.48,67.86,6.12,1.53,5.61,6.12,0.51,4.08,12.76,1.53,15.31,0.51,15.31,1.02,16.33,0.51,12.76,0.71,46.94,0.07,5.1,0.12,11.73,0.26,24.49,0.01,0.51,0.0,0.0,0.09,8.16,0.09,7.14,0.09,7.65,31.98,8.63,1.52,8.63,0.0,22.34,6.09,2.54,13.2,1.02,4.06,1.52,2.54,57.87,5.08,32.99
conversation,lambada,177,1008,5.69,44.84,26.19,75.0,7.39,7.95,0.57,9.09,0.57,13.07,9.66,1.7,18.18,2.27,15.34,1.14,6.82,1.7,4.55,1.04,62.5,0.16,13.07,0.04,3.98,0.24,22.73,0.03,2.84,0.0,0.0,0.14,10.8,0.23,17.61,0.2,13.64,53.67,9.6,1.13,1.13,0.0,10.73,5.65,6.78,5.65,4.52,1.13,0.56,6.78,40.11,23.73,28.81
conversation,retirement,165,860,5.21,44.3,29.3,77.44,6.71,9.76,1.22,7.32,1.22,8.54,7.93,4.27,10.98,3.05,23.17,0.61,9.76,1.22,4.27,0.98,66.46,0.15,14.02,0.04,3.66,0.32,32.32,0.01,0.61,0.0,0.0,0.2,15.24,0.19,14.63,0.08,6.1,52.73,4.85,0.0,0.0,1.21,13.94,13.94,5.45,4.85,3.03,0.0,1.21,3.03,44.85,24.24,26.67
court,carpet,193,1387,7.19,41.74,26.17,78.12,4.17,6.77,4.69,11.46,0.0,16.15,7.29,2.6,10.94,0.0,15.1,4.69,8.33,2.6,5.21,1.11,67.71,0.17,15.62,0.06,5.73,0.24,23.44,0.0,0.0,0.0,0.0,0.21,14.06,0.19,16.15,0.24,17.71,67.36,3.63,0.0,2.07,0.52,11.92,2.07,2.07,6.74,1.55,2.07,1.55,6.74,34.2,24.35,33.16
court,equality,145,1175,8.1,45.45,31.06,77.78,9.72,5.56,0.69,4.17,3.47,18.75,3.47,12.5,11.81,2.08,15.97,2.08,4.17,5.56,0.0,1.01,61.11,0.22,20.83,0.01,1.39,0.12,11.11,0.01,0.69,0.0,0.0,0.1,7.64,0.24,19.44,0.31,20.83,59.31,3.45,0.0,6.9,0.0,2.76,16.55,2.07,0.0,6.21,2.76,4.83,11.72,43.45,2.76,37.24
court,fire,161,1255,7.8,45.9,27.25,79.38,9.38,11.25,5.0,4.38,0.62,16.25,3.12,10.0,8.75,0.62,10.0,5.62,4.38,7.5,3.12,1.08,66.88,0.26,21.88,0.03,3.12,0.17,15.62,0.0,0.0,0.0,0.0,0.1,9.38,0.17,16.25,0.34,24.38,73.29,2.48,0.0,2.48,0.0,1.86,4.35,0.0,8.7,6.83,0.0,0.0,6.83,38.51,23.6,31.06
court,prince,161,1264,7.85,42.25,30.38,75.62,8.75,15.0,1.88,5.62,1.88,12.5,3.75,11.88,13.12,1.25,12.5,0.62,4.38,3.75,3.12,1.06,63.75,0.23,21.88,0.03,3.12,0.24,20.62,0.01,1.25,0.01,0.62,0.09,7.5,0.23,22.5,0.23,16.25,70.19,1.86,0.0,1.24,0.0,3.11,6.21,0.0,3.73,10.56,3.11,0.62,13.04,29.19,12.42,44.72
court,loan,129,1114,8.64,41.92,37.61,79.69,7.81,11.72,2.34,9.38,1.56,17.97,3.12,11.72,11.72,1.56,5.47,8.59,0.78,3.91,2.34,1.28,75.0,0.27,24.22,0.05,5.47,0.16,14.84,0.0,0.0,0.0,0.0,0.07,7.03,0.27,20.31,0.47,32.03,82.17,2.33,0.0,0.0,0.0,0.0,4.65,0.0,3.1,6.98,0.78,0.78,6.2,34.88,17.05,41.09
court,mitigation,95,874,9.2,43.71,33.98,79.79,7.45,10.64,1.06,13.83,2.13,15.96,0.0,13.83,8.51,4.26,5.32,3.19,3.19,7.45,3.19,1.26,71.28,0.3,29.79,0.02,2.13,0.12,11.7,0.03,3.19,0.0,0.0,0.14,12.77,0.34,25.53,0.31,21.28,84.21,0.0,0.0,0.0,0.0,0.0,1.05,0.0,7.37,4.21,3.16,0.0,6.32,46.32,22.11,25.26
essay,distraction,127,1039,8.18,41.19,41.0,80.95,13.49,3.17,3.17,15.08,1.59,19.05,1.59,7.94,10.32,3.17,4.76,6.35,1.59,7.94,0.79,1.01,67.46,0.29,28.57,0.08,7.94,0.05,4.76,0.02,1.59,0.0,0.0,0.09,7.94,0.1,8.73,0.38,22.22,77.17,2.36,0.79,13.39,0.0,0.0,5.51,0.79,0.0,0.0,0.0,0.0,5.51,45.67,3.15,45.67
essay,dividends,134,1225,9.14,34.29,41.55,73.68,7.52,5.26,2.26,7.52,2.26,17.29,4.51,7.52,18.05,1.5,8.27,8.27,0.75,6.02,3.01,1.11,68.42,0.25,23.31,0.11,9.77,0.12,10.53,0.02,1.5,0.0,0.0,0.05,4.51,0.22,18.8,0.35,21.8,53.73,2.24,0.0,3.73,2.24,0.0,0.0,0.0,4.48,32.09,1.49,0.0,13.43,54.48,8.21,23.88
essay,sexlife,112,1039,9.28,36.57,37.63,74.77,9.91,6.31,1.8,11.71,2.7,21.62,1.8,7.21,13.51,1.8,5.41,2.7,3.6,7.21,2.7,1.2,68.47,0.23,22.52,0.14,12.61,0.12,9.01,0.02,1.8,0.0,0.0,0.05,4.5,0.32,24.32,0.34,21.62,77.68,4.46,0.89,0.0,0.0,0.0,0.0,0.0,3.57,7.14,6.25,0.0,4.46,38.39,16.07,41.07
essay,evolved,172,1211,7.04,41.45,38.32,63.16,5.26,4.68,4.09,11.11,2.92,15.2,1.17,5.85,29.24,0.0,5.26,7.02,2.34,5.26,0.58,0.99,68.42,0.3,29.82,0.09,9.36,0.06,5.85,0.02,2.34,0.0,0.0,0.1,9.36,0.18,15.79,0.22,16.96,49.42,5.81,0.0,7.56,0.0,0.0,16.28,0.0,1.16,18.6,1.16,0.0,6.98,49.42,13.95,29.65
essay,fear,147,1228,8.35,41.04,39.58,78.77,9.59,8.9,8.22,12.33,0.68,19.86,4.11,5.48,17.81,1.37,5.48,4.11,0.68,0.68,0.68,1.08,66.44,0.25,25.34,0.12,10.96,0.12,11.64,0.0,0.0,0.0,0.0,0.08,6.85,0.18,16.44,0.34,19.18,78.23,2.04,0.0,0.0,0.0,0.0,8.16,0.0,0.0,8.16,3.4,0.68,5.44,42.18,3.4,48.3
fiction,claus,116,901,7.77,34.74,43.06,68.7,7.83,11.3,5.22,14.78,0.87,10.43,7.83,1.74,24.35,4.35,2.61,3.48,0.87,2.61,1.74,1.1,65.22,0.17,17.39,0.1,10.43,0.22,19.13,0.03,2.61,0.0,0.0,0.12,10.43,0.23,20.87,0.22,15.65,81.9,5.17,0.0,1.72,0.0,1.72,3.45,0.86,2.59,2.59,0.0,0.86,5.17,37.07,49.14,7.76
fiction,error,102,809,7.93,48.45,38.81,71.29,7.92,6.93,8.91,14.85,1.98,25.74,2.97,3.96,9.9,0.99,0.99,0.99,0.99,11.88,0.99,1.12,63.37,0.24,22.77,0.01,0.99,0.19,11.88,0.0,0.0,0.0,0.0,0.17,13.86,0.18,15.84,0.34,20.79,93.14,0.0,0.0,0.0,0.0,0.0,0.0,0.0,0.0,6.86,0.0,0.0,3.92,29.41,62.75,3.92
fiction,frankenstein,190,1159,6.1,39.09,30.54,62.96,4.76,12.17,8.47,11.64,0.53,5.82,6.88,3.7,29.1,4.23,2.12,1.59,2.65,3.17,3.17,0.95,58.73,0.23,22.75,0.11,11.11,0.24,21.16,0.01,1.06,0.0,0.0,0.07,6.35,0.19,17.99,0.09,7.41,86.84,2.63,0.0,3.68,0.0,1.05,2.11,1.05,0.53,1.58,0.53,0.0,4.21,32.11,7.37,56.32
fiction,garden,160,1007,6.29,41.61,41.81,52.83,1.26,4.4,8.81,10.69,0.0,18.87,1.26,1.26,38.99,5.03,1.26,1.26,4.4,2.52,0.0,0.96,69.81,0.36,35.22,0.01,1.26,0.06,5.03,0.0,0.0,0.0,0.0,0.06,6.29,0.18,16.35,0.29,20.75,96.88,1.88,0.0,0.0,0.0,0.0,0.0,0.0,0.0,1.25,0.0,0.0,2.5,43.12,47.5,6.88
fiction,giants,78,699,8.96,45.21,45.21,57.14,5.19,3.9,5.19,14.29,0.0,23.38,2.6,1.3,35.06,1.3,2.6,1.3,0.0,3.9,0.0,0.87,58.44,0.18,18.18,0.06,6.49,0.06,6.49,0.04,3.9,0.0,0.0,0.12,10.39,0.14,12.99,0.26,15.58,91.03,2.56,0.0,0.0,0.0,0.0,0.0,0.0,0.0,6.41,0.0,0.0,5.13,30.77,58.97,5.13
fiction,honour,134,998,7.45,41.48,44.79,68.42,3.01,6.77,6.02,13.53,0.75,22.56,3.76,3.01,28.57,2.26,4.51,3.01,1.5,0.75,0.0,0.89,62.41,0.19,18.8,0.05,4.51,0.1,9.77,0.05,4.51,0.0,0.0,0.1,9.77,0.2,18.8,0.22,13.53,82.84,0.75,0.0,0.75,0.0,4.48,0.0,0.75,4.48,3.73,2.24,0.0,3.73,47.01,42.54,6.72
fiction,moon,107,812,7.59,43.72,42.12,60.38,4.72,2.83,4.72,19.81,0.94,15.09,0.94,3.77,24.53,3.77,0.94,5.66,0.0,12.26,0.0,1.09,79.25,0.52,50.94,0.03,2.83,0.08,6.6,0.02,1.89,0.0,0.0,0.03,2.83,0.12,9.43,0.3,19.81,87.85,0.93,0.0,0.0,0.0,0.0,4.67,0.0,0.0,6.54,0.0,0.0,1.87,33.64,55.14,9.35
fiction,oversite,145,920,6.34,42.93,32.83,70.14,7.64,13.19,6.25,12.5,0.0,14.58,4.17,2.08,22.92,2.78,1.39,5.56,1.39,3.47,2.08,1.09,61.81,0.22,20.83,0.1,10.42,0.19,18.75,0.0,0.0,0.01,0.69,0.15,10.42,0.19,17.36,0.23,15.28,95.86,0.69,0.0,0.0,0.0,0.0,2.07,0.0,0.0,0.69,0.69,2.07,1.38,32.41,17.24,46.9
fiction,pag,216,1366,6.32,42.17,34.63,72.56,15.35,9.77,9.3,8.37,0.0,10.7,6.98,6.51,16.74,1.4,4.19,3.26,3.26,3.72,0.47,0.87,53.49,0.2,20.0,0.06,6.05,0.15,13.49,0.02,1.86,0.0,0.0,0.12,8.37,0.16,14.42,0.15,10.23,80.56,3.24,0.0,1.85,0.0,1.39,3.7,3.7,1.39,3.7,0.46,0.0,5.09,35.19,45.37,14.35
fiction,pixies,104,775,7.45,39.61,40.77,65.05,8.74,14.56,6.8,10.68,0.0,6.8,11.65,3.88,23.3,0.97,4.85,0.0,3.88,3.88,0.0,0.93,57.28,0.23,23.3,0.1,9.71,0.21,21.36,0.01,0.97,0.0,0.0,0.05,4.85,0.22,19.42,0.11,7.77,70.19,5.77,0.0,4.81,0.0,3.85,4.81,3.85,0.96,3.85,1.92,1.92,1.92,34.62,35.58,25.96
fiction,rose,105,713,6.79,40.81,42.22,69.23,3.85,14.42,3.85,15.38,0.0,16.35,3.85,0.96,23.08,3.85,0.96,1.92,1.92,4.81,4.81,1.29,68.27,0.17,16.35,0.12,12.5,0.21,20.19,0.04,3.85,0.0,0.0,0.12,11.54,0.36,26.92,0.26,19.23,95.24,0.95,0.0,0.0,0.0,1.9,0.0,0.0,0.95,0.0,0.95,0.95,1.9,27.62,59.05,10.48
fiction,sneeze,135,914,6.77,39.93,29.32,73.13,5.97,19.4,4.48,5.97,3.73,5.22,10.45,5.97,23.13,1.49,5.97,1.49,0.75,0.75,5.22,0.94,50.0,0.13,11.94,0.19,18.66,0.23,22.39,0.03,2.99,0.0,0.0,0.04,4.48,0.22,21.64,0.1,9.7,71.85,3.7,0.0,0.74,0.0,1.48,5.93,5.93,7.41,0.0,2.96,0.74,4.44,31.11,33.33,30.37
fiction,time,135,1007,7.46,43.99,40.52,52.24,4.48,4.48,4.48,11.19,0.0,20.9,2.24,0.75,35.82,3.73,1.49,0.75,0.0,9.7,0.0,0.98,66.42,0.34,34.33,0.03,2.99,0.09,8.96,0.01,0.75,0.0,0.0,0.08,8.21,0.17,14.93,0.25,16.42,93.33,0.74,0.0,0.0,0.0,0.0,0.0,1.48,4.44,0.0,0.0,0.0,2.22,34.07,58.52,5.19
fiction,veronique,123,727,5.91,45.39,33.56,79.51,7.38,20.49,6.56,11.48,0.0,16.39,5.74,1.64,17.21,0.82,2.46,3.28,0.0,0.82,5.74,1.29,70.49,0.2,19.67,0.11,10.66,0.28,27.87,0.01,0.82,0.0,0.0,0.15,11.48,0.31,26.23,0.23,17.21,92.68,4.07,0.0,0.0,0.0,0.0,0.0,0.81,1.63,0.0,0.81,0.0,3.25,30.08,47.97,18.7
fiction,wedding,134,875,6.53,43.77,45.6,61.65,7.52,3.76,3.01,8.27,2.26,18.05,2.26,4.51,28.57,6.77,6.02,2.26,1.5,5.26,0.0,1.05,69.17,0.32,30.83,0.08,7.52,0.11,9.77,0.02,1.5,0.0,0.0,0.09,7.52,0.11,8.27,0.34,21.05,74.63,6.72,0.0,9.7,0.0,0.0,2.99,0.75,0.0,5.22,0.0,0.75,4.48,45.52,33.58,15.67
fiction,beast,130,1030,7.92,48.45,34.66,57.36,10.85,3.88,7.75,13.18,0.0,10.08,5.43,3.1,38.76,3.88,0.78,0.78,0.78,0.78,0.0,0.82,56.59,0.3,30.23,0.02,1.55,0.11,10.85,0.0,0.0,0.0,0.0,0.06,3.88,0.21,17.05,0.12,9.3,94.62,0.77,0.0,0.0,0.0,0.0,2.31,0.0,0.0,2.31,0.0,0.0,6.15,20.77,66.15,6.92
fiction,lunre,96,760,7.92,40.13,45.13,63.16,7.37,8.42,3.16,8.42,0.0,21.05,5.26,3.16,27.37,6.32,3.16,0.0,1.05,5.26,0.0,1.07,67.37,0.23,23.16,0.13,12.63,0.14,10.53,0.0,0.0,0.0,0.0,0.08,7.37,0.17,16.84,0.33,22.11,96.88,1.04,0.0,0.0,0.0,0.0,0.0,2.08,0.0,0.0,0.0,0.0,0.0,39.58,56.25,4.17
fiction,falling,129,1014,7.86,34.81,43.79,60.16,2.34,4.69,5.47,10.16,1.56,17.19,5.47,4.69,35.16,3.12,3.91,2.34,3.12,0.0,0.78,0.8,53.12,0.14,14.06,0.13,13.28,0.12,10.16,0.0,0.0,0.0,0.0,0.12,10.94,0.15,13.28,0.13,9.38,85.27,4.65,0.0,0.78,0.0,0.0,0.0,5.43,3.1,0.78,0.0,1.55,1.55,35.66,0.78,60.47
fiction,teeth,135,1015,7.52,42.76,44.04,70.15,9.7,7.46,2.99,11.19,0.0,18.66,8.21,5.97,22.39,2.24,2.24,3.73,0.75,4.48,0.0,1.07,67.91,0.28,26.87,0.04,3.73,0.19,16.42,0.0,0.0,0.0,0.0,0.07,5.22,0.18,17.16,0.32,21.64,92.59,1.48,0.0,0.0,0.0,0.0,2.22,0.0,0.0,0.0,3.7,0.0,4.44,39.26,51.85,4.44
interview,ants,136,1068,7.85,38.3,40.82,75.56,2.22,5.19,6.67,19.26,0.74,25.93,1.48,2.96,18.52,4.44,3.7,2.96,0.0,3.7,2.22,1.25,75.56,0.25,24.44,0.1,10.37,0.12,11.11,0.01,0.74,0.0,0.0,0.13,11.85,0.27,22.22,0.37,23.7,89.71,8.09,0.0,0.0,0.0,0.0,0.0,0.0,0.0,0.0,2.21,0.74,3.68,37.5,30.15,27.94
interview,brotherhood,65,523,8.05,40.73,47.8,68.75,9.38,9.38,6.25,14.06,0.0,20.31,0.0,1.56,23.44,0.0,3.12,3.12,1.56,1.56,6.25,1.12,71.88,0.19,17.19,0.11,10.94,0.28,25.0,0.0,0.0,0.0,0.0,0.06,6.25,0.2,15.62,0.28,18.75,76.92,12.31,0.0,0.0,0.0,0.0,0.0,0.0,6.15,1.54,3.08,1.54,3.08,47.69,10.77,36.92
interview,chomsky,137,1109,8.09,44.18,35.53,76.47,9.56,12.5,2.21,8.09,0.74,18.38,7.35,8.09,16.18,0.74,3.68,2.21,4.41,3.68,2.21,1.27,73.53,0.24,23.53,0.06,5.88,0.24,19.85,0.01,1.47,0.0,0.0,0.15,13.97,0.3,23.53,0.26,16.91,84.67,3.65,0.0,0.0,0.0,0.0,1.46,5.11,2.92,2.19,0.0,0.0,12.41,32.12,24.82,30.66
interview,cocktail,124,1035,8.35,36.62,37.49,78.86,6.5,15.45,1.63,13.82,0.0,21.14,0.81,1.63,17.89,0.0,7.32,3.25,0.81,1.63,8.13,1.24,72.36,0.12,12.2,0.19,18.7,0.26,26.02,0.0,0.0,0.0,0.0,0.09,6.5,0.3,26.83,0.28,18.7,78.23,5.65,0.0,0.81,0.0,0.0,0.0,0.81,5.65,0.0,8.87,3.23,4.84,43.55,21.77,26.61
interview,daly,157,1135,7.23,46.78,39.56,71.15,5.77,7.69,3.85,8.33,1.92,21.79,1.92,1.92,21.15,2.56,5.13,6.41,1.28,6.41,3.85,1.12,66.67,0.24,21.15,0.12,12.18,0.14,10.9,0.0,0.0,0.0,0.0,0.05,4.49,0.16,14.1,0.4,25.64,77.71,3.18,0.0,1.91,0.0,0.0,8.92,1.27,1.27,0.64,5.1,0.64,5.73,45.86,17.2,30.57
interview,dungeon,168,1038,6.18,43.26,30.92,76.65,6.59,8.38,4.19,5.99,0.0,20.96,3.59,5.99,14.97,1.2,9.58,1.2,5.39,2.99,8.98,1.23,68.26,0.15,13.77,0.2,19.76,0.2,17.96,0.01,0.6,0.0,0.0,0.13,9.58,0.26,19.76,0.29,19.76,60.71,8.93,1.79,1.19,0.0,2.38,3.57,7.74,4.76,2.38,6.55,3.57,8.33,41.67,7.14,39.29
interview,herrick,187,1321,7.06,39.74,34.37,81.18,4.84,10.22,5.38,7.53,1.08,24.19,3.76,8.6,12.9,0.0,6.99,8.06,0.0,4.3,2.15,1.19,69.89,0.16,15.59,0.11,10.75,0.16,15.05,0.01,0.54,0.0,0.0,0.06,5.91,0.22,20.97,0.47,27.96,80.75,4.28,0.0,2.14,0.0,0.53,0.0,1.6,0.0,5.35,5.35,2.67,5.35,42.78,13.37,35.83
interview,licen,75,663,8.84,40.27,46.91,75.68,13.51,5.41,5.41,9.46,0.0,24.32,1.35,2.7,14.86,5.41,2.7,6.76,0.0,5.41,2.7,1.36,81.08,0.28,28.38,0.07,6.76,0.16,16.22,0.0,0.0,0.0,0.0,0.04,4.05,0.3,22.97,0.51,32.43,69.33,2.67,0.0,2.67,0.0,0.0,0.0,0.0,10.67,6.67,8.0,6.67,4.0,50.67,5.33,33.33
interview,mcguire,127,877,6.91,37.74,42.99,73.81,7.94,11.11,7.14,7.14,1.59,19.05,2.38,3.17,18.25,2.38,3.97,3.97,0.79,6.35,4.76,1.1,73.81,0.22,21.43,0.15,15.08,0.15,12.7,0.01,0.79,0.0,0.0,0.04,3.97,0.23,22.22,0.29,19.84,62.99,15.75,0.0,1.57,0.0,0.79,3.15,0.0,14.17,0.0,1.57,1.57,5.51,51.18,9.45,32.28
interview,mckenzie,72,570,7.92,44.21,37.89,73.24,2.82,9.86,9.86,8.45,0.0,11.27,11.27,0.0,21.13,1.41,8.45,8.45,2.82,1.41,2.82,1.0,64.79,0.25,21.13,0.06,5.63,0.3,23.94,0.0,0.0,0.0,0.0,0.04,4.23,0.21,14.08,0.14,9.86,72.22,11.11,0.0,0.0,0.0,2.78,0.0,2.78,4.17,4.17,2.78,1.39,4.17,40.28,27.78,26.39
interview,messina,171,1161,6.79,44.36,35.14,74.12,5.29,12.35,7.06,18.24,0.0,16.47,3.53,3.53,19.41,1.18,1.76,1.76,2.94,2.94,3.53,1.16,72.35,0.22,22.35,0.09,9.41,0.21,20.0,0.02,1.76,0.0,0.0,0.18,15.29,0.23,21.18,0.2,14.71,85.38,2.34,0.0,4.68,0.0,0.0,0.0,1.17,2.34,1.75,2.34,0.58,2.34,29.82,34.5,32.75
interview,onion,150,1194,7.96,44.97,35.18,73.15,10.07,5.37,4.7,8.72,2.68,23.49,2.68,1.34,22.15,2.68,2.68,2.01,3.36,3.36,4.7,1.1,70.47,0.28,22.82,0.09,8.72,0.11,10.74,0.01,0.67,0.01,0.67,0.09,7.38,0.19,16.78,0.33,18.79,80.67,6.0,0.0,0.67,0.0,0.67,1.33,0.0,10.0,0.0,0.67,6.0,2.0,35.33,5.33,51.33
interview,peres,138,1026,7.43,47.17,32.65,74.45,10.22,10.22,3.65,8.03,0.0,15.33,6.57,8.76,18.25,0.0,5.84,0.73,2.92,2.19,7.3,1.15,64.96,0.22,21.17,0.1,10.22,0.2,18.25,0.0,0.0,0.01,1.46,0.08,7.3,0.29,22.63,0.23,17.52,67.39,2.9,0.0,2.17,0.0,0.72,1.45,2.17,6.52,0.72,15.94,7.25,10.14,34.78,3.62,44.2
interview,shalev,159,1155,7.26,45.97,30.3,66.46,8.86,8.23,4.43,10.76,1.27,21.52,5.06,3.16,20.89,0.63,5.06,0.63,0.63,5.7,3.16,1.09,68.99,0.3,28.48,0.08,8.23,0.14,13.29,0.0,0.0,0.01,0.63,0.11,9.49,0.24,17.72,0.21,14.56,90.57,1.89,0.0,0.0,0.0,0.0,0.0,0.63,0.0,3.14,3.77,0.63,7.55,29.56,15.72,46.54
interview,stardust,147,1062,7.22,38.23,37.38,85.62,2.74,8.9,2.74,10.96,0.68,30.14,6.16,4.79,8.9,4.11,4.79,3.42,4.11,4.11,3.42,1.25,74.66,0.11,10.27,0.15,15.07,0.25,21.92,0.01,0.68,0.01,0.68,0.07,6.85,0.25,21.23,0.41,26.71,65.99,8.84,0.0,1.36,0.0,0.68,8.84,5.44,1.36,5.44,2.04,0.68,4.76,50.34,10.2,34.01
interview,cyclone,103,863,8.38,39.4,39.63,71.57,6.86,2.94,3.92,18.63,0.0,21.57,4.9,4.9,19.61,1.96,3.92,4.9,0.0,3.92,1.96,1.0,67.65,0.23,22.55,0.12,10.78,0.09,7.84,0.0,0.0,0.01,0.98,0.05,3.92,0.14,10.78,0.37,23.53,88.35,5.83,0.0,0.0,0.0,0.97,3.88,0.0,0.97,0.0,0.0,5.83,2.91,42.72,5.83,42.72
interview,gaming,85,719,8.46,43.12,35.05,69.05,2.38,2.38,4.76,7.14,0.0,33.33,2.38,2.38,19.05,0.0,8.33,0.0,9.52,2.38,5.95,1.51,82.14,0.29,27.38,0.14,14.29,0.15,14.29,0.01,1.19,0.0,0.0,0.44,33.33,0.21,19.05,0.26,14.29,82.35,3.53,0.0,0.0,0.0,3.53,0.0,0.0,1.18,0.0,9.41,0.0,3.53,24.71,42.35,29.41
interview,hill,107,807,7.54,42.38,42.38,69.81,6.6,4.72,1.89,13.21,3.77,17.92,1.89,4.72,19.81,0.94,4.72,5.66,0.0,4.72,9.43,1.13,66.98,0.15,15.09,0.16,16.04,0.15,15.09,0.02,1.89,0.01,0.94,0.1,7.55,0.13,12.26,0.41,25.47,55.14,7.48,13.08,0.0,0.0,0.0,1.87,0.0,2.8,5.61,14.02,3.74,7.48,46.73,14.95,27.1
interview,libertarian,102,846,8.29,35.7,43.5,66.34,3.96,5.94,1.98,6.93,0.99,26.73,2.97,5.94,23.76,1.98,3.96,0.99,0.0,8.91,4.95,1.25,71.29,0.18,16.83,0.11,10.89,0.19,14.85,0.0,0.0,0.01,0.99,0.06,4.95,0.19,15.84,0.51,32.67,73.53,9.8,0.0,0.0,0.0,0.0,0.0,0.0,0.0,6.86,9.8,1.96,4.9,44.12,7.84,41.18
letter,flood,195,1279,6.56,43.39,31.2,75.26,7.22,5.15,4.64,6.19,2.58,23.71,6.19,3.61,8.76,3.09,4.64,8.76,0.52,14.43,0.52,1.1,64.95,0.17,17.01,0.06,4.64,0.11,9.28,0.01,0.52,0.0,0.0,0.07,5.67,0.16,12.89,0.52,29.9,61.03,9.23,0.0,0.51,0.0,0.0,3.08,0.51,0.0,25.64,0.0,4.62,11.79,52.31,5.13,26.15
letter,gorbachev,122,1055,8.65,40.0,38.39,76.86,6.61,1.65,4.96,4.13,0.0,32.23,1.65,4.96,14.88,6.61,4.96,5.79,0.83,6.61,4.13,1.14,66.94,0.23,22.31,0.02,2.48,0.05,4.13,0.01,0.83,0.02,1.65,0.03,2.48,0.15,10.74,0.63,36.36,59.84,6.56,0.0,0.0,0.0,0.0,0.0,0.0,0.0,33.61,0.0,3.28,7.38,49.18,0.0,40.16
letter,roomers,96,663,6.91,38.76,47.81,80.0,9.47,4.21,10.53,8.42,3.16,17.89,5.26,8.42,13.68,4.21,6.32,4.21,0.0,4.21,0.0,0.99,64.21,0.31,29.47,0.05,5.26,0.18,11.58,0.03,3.16,0.0,0.0,0.09,9.47,0.11,9.47,0.22,13.68,65.62,7.29,0.0,6.25,0.0,0.0,20.83,0.0,0.0,0.0,0.0,6.25,5.21,44.79,13.54,30.21
letter,zora,153,1141,7.46,46.8,40.84,69.74,3.95,7.89,9.21,13.16,0.66,13.82,2.63,8.55,23.03,2.63,1.97,5.92,0.66,5.26,0.66,0.96,65.13,0.3,28.95,0.01,1.32,0.12,9.87,0.01,0.66,0.0,0.0,0.14,11.18,0.12,12.5,0.25,17.76,68.63,7.19,0.0,0.65,0.0,1.31,13.07,1.31,0.0,7.84,0.0,1.96,6.54,37.91,16.99,36.6
letter,arendt,110,818,7.44,43.64,46.94,65.14,7.34,11.93,4.59,9.17,0.0,19.27,7.34,4.59,27.52,0.0,1.83,0.92,0.0,5.5,0.0,1.02,62.39,0.27,26.61,0.05,4.59,0.18,16.51,0.0,0.0,0.0,0.0,0.11,8.26,0.2,20.18,0.21,15.6,86.36,3.64,0.0,0.0,0.0,0.0,0.0,3.64,4.55,0.0,1.82,5.45,0.0,33.64,25.45,35.45
letter,mandela,104,1024,9.85,43.95,36.91,70.87,5.83,3.88,1.94,9.71,1.94,17.48,4.85,9.71,21.36,0.97,7.77,2.91,4.85,4.85,1.94,0.88,57.28,0.22,21.36,0.03,2.91,0.08,7.77,0.01,0.97,0.0,0.0,0.09,8.74,0.2,19.42,0.25,15.53,64.42,9.62,0.0,0.0,0.0,0.0,2.88,0.0,6.73,13.46,2.88,0.0,9.62,50.0,1.92,38.46
news,afghan,110,940,8.55,36.28,40.64,70.64,4.59,8.26,8.26,9.17,0.0,26.61,2.75,0.0,16.51,0.0,1.83,9.17,2.75,10.09,0.0,1.28,70.64,0.19,19.27,0.07,7.34,0.12,11.01,0.02,1.83,0.0,0.0,0.04,3.67,0.39,25.69,0.45,26.61,97.27,2.73,0.0,0.0,0.0,0.0,0.0,0.0,0.0,0.0,0.0,0.91,3.64,58.18,22.73,14.55
news,asylum,48,373,7.77,31.9,52.01,82.98,0.0,19.15,2.13,14.89,0.0,31.91,2.13,2.13,8.51,0.0,2.13,10.64,0.0,6.38,0.0,1.55,82.98,0.11,10.64,0.06,6.38,0.23,21.28,0.0,0.0,0.0,0.0,0.0,0.0,0.64,42.55,0.51,34.04,95.83,2.08,0.0,0.0,0.0,0.0,0.0,2.08,0.0,0.0,0.0,0.0,2.08,45.83,22.92,29.17
news,clock,78,679,8.71,32.4,42.27,63.64,1.3,19.48,9.09,5.19,0.0,16.88,0.0,5.19,29.87,1.3,5.19,2.6,0.0,3.9,0.0,1.4,71.43,0.16,15.58,0.05,5.19,0.3,27.27,0.04,3.9,0.0,0.0,0.03,2.6,0.49,32.47,0.34,23.38,89.74,7.69,0.0,0.0,0.0,0.0,0.0,0.0,1.28,1.28,0.0,0.0,1.28,35.9,55.13,7.69
news,crane,32,289,9.03,34.26,53.98,80.65,0.0,12.9,6.45,22.58,6.45,29.03,0.0,0.0,9.68,0.0,3.23,3.23,0.0,6.45,0.0,1.61,80.65,0.13,12.9,0.13,12.9,0.16,16.13,0.06,6.45,0.0,0.0,0.06,6.45,0.61,35.48,0.45,29.03,84.38,6.25,0.0,0.0,0.0,0.0,0.0,0.0,0.0,9.38,0.0,0.0,0.0,43.75,34.38,21.88
news,defector,122,905,7.42,35.36,39.89,71.9,2.48,13.22,1.65,12.4,0.83,33.06,0.83,0.83,19.01,0.83,1.65,5.79,0.0,7.44,0.0,1.44,76.86,0.18,17.36,0.08,8.26,0.2,18.18,0.01,0.83,0.0,0.0,0.02,1.65,0.36,28.1,0.59,38.02,95.08,4.92,0.0,0.0,0.0,0.0,0.0,0.0,0.0,0.0,0.0,0.0,1.64,54.92,33.61,9.84
news,election,86,1037,12.06,28.35,31.24,52.94,2.35,1.18,2.35,21.18,0.0,24.71,0.0,0.0,32.94,0.0,2.35,1.18,1.18,10.59,0.0,0.98,57.65,0.16,16.47,0.15,15.29,0.05,4.71,0.01,1.18,0.01,1.18,0.01,1.18,0.32,20.0,0.26,14.12,84.88,15.12,0.0,0.0,0.0,0.0,0.0,0.0,0.0,0.0,0.0,0.0,0.0,63.95,30.23,5.81
news,expo,93,773,8.31,28.98,46.96,75.0,1.09,11.96,4.35,7.61,0.0,23.91,0.0,1.09,20.65,0.0,19.57,5.43,1.09,3.26,0.0,0.93,69.57,0.05,5.43,0.23,22.83,0.03,3.26,0.0,0.0,0.0,0.0,0.01,1.09,0.37,28.26,0.24,17.39,56.99,41.94,0.0,0.0,0.0,0.0,0.0,1.08,0.0,0.0,0.0,0.0,0.0,70.97,25.81,3.23
news,flag,39,419,10.74,33.89,46.54,71.05,5.26,18.42,0.0,13.16,0.0,26.32,0.0,0.0,18.42,0.0,2.63,10.53,0.0,5.26,0.0,1.53,76.32,0.16,15.79,0.13,13.16,0.26,26.32,0.0,0.0,0.0,0.0,0.03,2.63,0.63,47.37,0.32,21.05,87.18,5.13,0.0,0.0,0.0,0.0,0.0,0.0,0.0,7.69,0.0,2.56,10.26,48.72,23.08,15.38
news,hackers,89,708,7.96,37.01,41.95,73.86,4.55,19.32,4.55,4.55,1.14,22.73,4.55,3.41,15.91,1.14,3.41,5.68,1.14,7.95,0.0,1.61,73.86,0.16,15.91,0.09,7.95,0.3,25.0,0.01,1.14,0.0,0.0,0.05,4.55,0.58,35.23,0.43,28.41,92.13,1.12,0.0,0.0,0.0,0.0,0.0,6.74,0.0,0.0,0.0,1.12,1.12,46.07,21.35,30.34
news,ie9,51,487,9.55,30.8,47.43,70.0,10.0,10.0,6.0,12.0,2.0,18.0,2.0,4.0,16.0,0.0,4.0,8.0,4.0,4.0,0.0,1.32,76.0,0.3,28.0,0.04,4.0,0.18,18.0,0.02,2.0,0.0,0.0,0.1,10.0,0.36,26.0,0.32,22.0,88.24,1.96,0.0,0.0,0.0,0.0,0.0,0.0,0.0,9.8,0.0,0.0,3.92,39.22,9.8,47.06
news,imprisoned,58,454,7.83,43.39,40.75,61.4,7.02,21.05,10.53,14.04,0.0,8.77,0.0,0.0,29.82,0.0,1.75,3.51,1.75,1.75,0.0,1.61,87.72,0.44,40.35,0.04,3.51,0.35,31.58,0.02,1.75,0.0,0.0,0.05,5.26,0.53,33.33,0.19,15.79,98.28,1.72,0.0,0.0,0.0,0.0,0.0,0.0,0.0,0.0,0.0,0.0,1.72,37.93,39.66,20.69
news,korea,47,428,9.11,28.97,48.6,76.09,2.17,15.22,4.35,13.04,4.35,23.91,0.0,0.0,17.39,2.17,2.17,6.52,6.52,2.17,0.0,1.74,86.96,0.28,28.26,0.11,10.87,0.24,23.91,0.04,4.35,0.0,0.0,0.09,8.7,0.61,41.3,0.37,26.09,97.87,2.13,0.0,0.0,0.0,0.0,0.0,0.0,0.0,0.0,0.0,2.13,6.38,38.3,36.17,17.02
news,lanterns,61,572,9.38,36.89,48.6,75.0,3.33,1.67,1.67,18.33,1.67,30.0,0.0,6.67,20.0,3.33,3.33,5.0,1.67,1.67,1.67,1.15,66.67,0.23,21.67,0.03,3.33,0.1,8.33,0.0,0.0,0.0,0.0,0.07,6.67,0.38,25.0,0.33,21.67,91.8,1.64,0.0,6.56,0.0,0.0,0.0,0.0,0.0,0.0,0.0,1.64,1.64,45.9,18.03,32.79
news,soccer,92,903,9.82,30.01,32.89,54.95,6.59,4.4,10.99,10.99,1.1,13.19,2.2,0.0,40.66,3.3,2.2,3.3,0.0,1.1,0.0,0.99,54.95,0.23,23.08,0.02,2.2,0.11,8.79,0.01,1.1,0.0,0.0,0.01,1.1,0.41,19.78,0.2,14.29,89.13,1.09,0.0,0.0,0.0,0.0,2.17,3.26,0.0,4.35,0.0,1.09,1.09,36.96,54.35,6.52
news,stampede,31,254,8.19,39.37,58.27,80.0,0.0,3.33,13.33,23.33,3.33,23.33,0.0,0.0,10.0,3.33,3.33,6.67,3.33,6.67,0.0,1.4,86.67,0.23,23.33,0.1,10.0,0.13,13.33,0.03,3.33,0.0,0.0,0.03,3.33,0.5,36.67,0.37,26.67,90.32,9.68,0.0,0.0,0.0,0.0,0.0,0.0,0.0,0.0,0.0,0.0,0.0,67.74,16.13,16.13
news,taxes,65,647,9.95,36.17,41.89,78.12,4.69,10.94,10.94,4.69,0.0,31.25,1.56,3.12,10.94,1.56,3.12,4.69,4.69,7.81,0.0,1.31,76.56,0.19,18.75,0.16,15.62,0.17,14.06,0.0,0.0,0.0,0.0,0.02,1.56,0.45,32.81,0.33,21.88,92.31,1.54,0.0,1.54,0.0,0.0,0.0,4.62,0.0,0.0,0.0,6.15,0.0,52.31,7.69,33.85
news,warhol,198,1878,9.48,33.01,34.45,78.17,2.03,16.24,1.52,9.14,0.51,31.98,4.06,3.05,14.72,1.52,4.57,2.54,2.03,5.58,0.51,1.41,81.73,0.18,17.77,0.11,11.17,0.21,20.81,0.0,0.0,0.0,0.0,0.08,7.11,0.49,37.56,0.34,21.83,86.36,10.1,0.0,0.0,0.0,0.0,0.0,0.51,0.0,2.53,0.51,0.0,4.04,34.34,41.92,19.7
news,warming,61,618,10.13,28.48,44.66,83.33,11.67,18.33,5.0,10.0,6.67,20.0,0.0,6.67,6.67,0.0,6.67,1.67,0.0,6.67,0.0,1.37,68.33,0.18,18.33,0.08,8.33,0.28,28.33,0.0,0.0,0.0,0.0,0.0,0.0,0.58,38.33,0.23,15.0,78.69,1.64,0.0,0.0,0.0,0.0,0.0,0.0,0.0,19.67,0.0,1.64,8.2,37.7,14.75,37.7
news,worship,14,167,11.93,29.34,54.49,84.62,15.38,23.08,7.69,38.46,7.69,0.0,0.0,0.0,0.0,0.0,7.69,0.0,0.0,0.0,0.0,1.54,84.62,0.15,15.38,0.08,7.69,0.46,46.15,0.0,0.0,0.0,0.0,0.15,15.38,0.62,53.85,0.08,7.69,92.86,7.14,0.0,0.0,0.0,0.0,0.0,0.0,0.0,0.0,0.0,0.0,7.14,28.57,7.14,57.14
news,homeopathic,79,649,8.22,36.52,47.3,69.23,8.97,8.97,6.41,10.26,2.56,23.08,1.28,3.85,19.23,3.85,2.56,1.28,1.28,6.41,0.0,1.33,76.92,0.32,32.05,0.06,6.41,0.15,15.38,0.03,2.56,0.0,0.0,0.09,6.41,0.32,19.23,0.36,21.79,87.34,5.06,0.0,0.0,0.0,0.0,5.06,2.53,0.0,0.0,0.0,0.0,2.53,48.1,34.18,15.19
news,iodine,125,1071,8.57,35.48,37.54,71.77,6.45,19.35,9.68,5.65,3.23,19.35,3.23,4.03,14.52,1.61,0.81,1.61,2.42,8.06,0.0,1.32,66.94,0.19,17.74,0.04,4.03,0.3,27.42,0.0,0.0,0.0,0.0,0.02,1.61,0.39,31.45,0.39,25.81,95.2,0.8,0.0,0.0,0.0,0.0,0.0,0.0,0.0,4.0,0.0,6.4,4.8,35.2,5.6,48.0
news,nasa,124,1266,10.21,32.94,34.36,75.61,4.88,8.94,1.63,12.2,0.0,28.46,2.44,6.5,15.45,0.81,5.69,3.25,2.44,7.32,0.0,1.27,75.61,0.16,16.26,0.11,10.57,0.14,11.38,0.0,0.0,0.0,0.0,0.05,4.88,0.37,26.02,0.45,25.2,78.23,12.9,1.61,0.0,0.0,0.0,0.0,0.0,0.0,7.26,0.0,7.26,0.0,55.65,16.13,20.97
news,sensitive,76,625,8.22,32.48,45.12,69.33,5.33,20.0,0.0,8.0,1.33,25.33,4.0,1.33,18.67,0.0,6.67,2.67,0.0,6.67,0.0,1.41,73.33,0.12,12.0,0.24,21.33,0.21,18.67,0.01,1.33,0.01,1.33,0.09,6.67,0.37,30.67,0.35,20.0,68.42,14.47,0.0,0.0,0.0,0.0,0.0,14.47,0.0,2.63,0.0,1.32,3.95,56.58,21.05,17.11
podcast,addiction,167,1215,7.28,39.84,30.53,81.93,12.05,4.82,1.2,1.81,1.81,22.29,10.84,7.23,8.43,0.6,10.84,1.81,6.63,3.01,6.63,1.18,74.7,0.23,20.48,0.07,6.63,0.27,23.49,0.0,0.0,0.0,0.0,0.09,8.43,0.19,14.46,0.33,19.88,50.3,2.4,0.0,0.0,0.0,9.58,13.17,2.99,10.18,10.18,1.2,0.0,11.98,29.94,0.6,57.49
podcast,brave,199,1278,6.42,42.25,23.94,75.25,8.59,7.58,2.53,5.05,1.52,10.1,4.04,5.05,7.58,0.51,26.26,0.51,14.65,4.55,1.52,1.04,68.69,0.19,19.19,0.03,3.03,0.28,23.23,0.01,0.51,0.0,0.0,0.21,16.67,0.15,12.63,0.18,11.62,70.35,1.51,0.0,1.01,0.0,7.04,7.04,2.01,3.52,6.03,1.51,0.5,3.52,34.17,13.57,48.24
podcast,collaboration,154,1160,7.53,46.12,31.98,69.93,9.15,7.84,3.92,7.84,1.31,18.95,4.58,4.58,16.34,1.96,7.19,3.92,3.92,7.84,0.65,1.01,64.71,0.25,24.18,0.01,0.65,0.2,15.69,0.0,0.0,0.0,0.0,0.12,10.46,0.15,14.38,0.28,18.3,88.31,0.0,3.25,0.0,1.3,0.0,3.25,0.0,0.65,3.25,0.0,0.65,3.25,32.47,23.38,40.26
podcast,wrestling,187,1124,6.01,41.9,27.58,79.03,8.6,6.45,4.3,5.38,0.0,11.83,6.99,9.68,11.29,1.08,17.2,0.54,8.6,4.3,3.76,1.09,65.59,0.17,16.67,0.08,7.53,0.26,19.35,0.01,0.54,0.0,0.0,0.18,12.9,0.23,18.28,0.18,12.9,54.55,4.28,0.0,5.88,0.0,2.67,21.93,1.07,3.74,1.6,4.28,1.07,2.14,39.04,17.11,40.64
podcast,bezos,110,960,8.73,39.48,42.71,76.15,10.09,8.26,2.75,9.17,1.83,21.1,7.34,4.59,10.09,3.67,6.42,1.83,2.75,9.17,0.92,1.16,66.97,0.28,26.61,0.0,0.0,0.16,13.76,0.01,0.92,0.0,0.0,0.05,4.59,0.17,15.6,0.49,30.28,80.0,1.82,0.0,0.0,0.0,1.82,0.91,8.18,0.0,7.27,0.0,0.91,5.45,35.45,11.82,46.36
reddit,bobby,155,1134,7.32,43.03,35.63,73.38,9.74,14.29,5.84,6.49,1.95,14.29,5.84,9.09,15.58,0.0,3.9,3.25,3.25,5.84,0.65,1.28,72.73,0.31,27.92,0.06,6.49,0.23,19.48,0.01,0.65,0.01,0.65,0.07,5.84,0.26,21.43,0.34,23.38,70.97,3.23,0.0,2.58,0.65,0.65,0.0,3.87,2.58,13.55,1.94,0.65,4.52,34.19,3.87,56.77
reddit,callout,144,1031,7.16,43.84,41.61,66.43,13.29,2.8,4.9,9.09,1.4,15.38,5.59,8.39,21.68,0.7,3.5,2.8,2.8,6.99,0.7,0.87,60.84,0.29,28.67,0.03,3.5,0.09,8.39,0.02,2.1,0.0,0.0,0.08,6.99,0.09,7.69,0.27,14.69,70.83,4.17,0.0,0.0,0.0,0.0,10.42,8.33,3.47,2.08,0.69,1.39,4.17,34.72,25.0,34.72
reddit,card,98,656,6.69,42.23,38.72,76.29,12.37,14.43,4.12,8.25,3.09,10.31,15.46,8.25,10.31,0.0,3.09,2.06,2.06,4.12,2.06,1.08,63.92,0.22,20.62,0.07,7.22,0.2,17.53,0.01,1.03,0.0,0.0,0.05,3.09,0.28,19.59,0.26,16.49,51.02,10.2,0.0,5.1,0.0,0.0,18.37,3.06,1.02,8.16,3.06,0.0,13.27,44.9,21.43,20.41
reddit,conspiracy,180,1197,6.65,42.52,37.18,69.83,8.38,6.7,1.68,12.29,2.79,22.35,4.47,3.35,18.99,1.12,2.79,3.35,2.79,7.82,1.12,1.07,64.8,0.23,21.23,0.08,7.82,0.12,11.73,0.02,1.68,0.0,0.0,0.18,15.64,0.16,14.53,0.27,17.32,75.56,1.67,0.0,2.22,0.0,0.0,7.22,7.78,1.67,2.22,1.67,1.67,3.33,45.56,27.22,22.22
reddit,gender,134,1035,7.72,42.61,37.1,75.94,12.78,8.27,4.51,5.26,9.02,18.05,6.77,12.03,14.29,0.75,2.26,3.01,0.75,2.26,0.0,1.06,67.67,0.33,33.08,0.03,3.01,0.14,12.78,0.03,3.01,0.0,0.0,0.05,4.51,0.17,13.53,0.3,18.8,51.49,2.24,0.0,5.22,0.0,0.75,23.13,0.0,0.0,17.16,0.0,0.75,9.7,36.57,0.0,52.99
reddit,introverts,133,908,6.83,46.7,37.67,74.24,10.61,7.58,3.79,9.85,3.79,19.7,6.82,7.58,16.67,1.52,2.27,3.79,0.76,3.79,1.52,1.23,72.73,0.3,29.55,0.05,4.55,0.2,12.88,0.02,1.52,0.0,0.0,0.09,7.58,0.15,12.12,0.43,25.0,59.4,0.75,0.0,0.0,0.0,0.0,27.82,3.01,0.0,6.02,3.01,3.76,6.77,36.84,6.02,46.62
reddit,polygraph,138,1029,7.46,47.33,34.99,73.72,11.68,10.95,8.03,8.76,2.19,14.6,2.19,8.03,15.33,0.73,5.11,2.92,3.65,5.11,0.73,1.13,62.77,0.21,20.44,0.04,3.65,0.18,16.79,0.02,2.19,0.0,0.0,0.09,8.03,0.29,23.36,0.29,20.44,68.12,1.45,0.0,10.14,0.0,0.0,8.7,2.9,2.17,5.8,0.72,5.07,7.97,35.51,8.7,42.75
reddit,racial,74,724,9.78,41.16,46.82,72.6,12.33,6.85,6.85,6.85,1.37,15.07,2.74,10.96,17.81,2.74,5.48,1.37,0.0,6.85,2.74,1.12,72.6,0.25,23.29,0.15,15.07,0.15,13.7,0.0,0.0,0.0,0.0,0.08,8.22,0.22,19.18,0.27,17.81,81.08,0.0,0.0,0.0,0.0,1.35,0.0,2.7,5.41,2.7,6.76,0.0,1.35,39.19,5.41,54.05
reddit,ring,131,986,7.53,43.2,32.45,77.69,6.92,8.46,0.77,13.85,6.15,22.31,3.08,5.38,16.15,0.77,3.85,2.31,1.54,3.85,4.62,1.08,66.92,0.24,23.08,0.06,6.15,0.15,13.85,0.02,1.54,0.0,0.0,0.06,5.38,0.25,21.54,0.3,21.54,33.59,5.34,0.0,18.32,0.0,1.53,3.05,12.98,12.98,9.16,3.05,1.53,8.4,45.8,3.82,40.46
reddit,social,178,1264,7.1,45.25,32.83,79.1,12.43,7.91,2.82,6.21,4.52,23.16,5.08,9.6,12.43,1.13,4.52,5.65,0.56,3.39,0.56,1.14,72.88,0.3,29.38,0.05,4.52,0.14,12.99,0.01,1.13,0.0,0.0,0.11,10.17,0.17,12.99,0.37,21.47,57.3,0.0,0.0,10.11,0.0,0.0,25.28,2.25,1.69,2.25,1.12,2.25,6.74,45.51,1.69,43.82
reddit,space,116,824,7.1,42.23,43.93,69.57,5.22,9.57,1.74,11.3,2.61,13.04,12.17,11.3,20.0,0.0,4.35,1.74,0.87,6.09,0.0,0.97,55.65,0.14,13.91,0.06,6.09,0.21,16.52,0.01,0.87,0.0,0.0,0.12,11.3,0.18,14.78,0.24,15.65,66.38,5.17,0.0,1.72,0.0,1.72,7.76,2.59,5.17,6.9,2.59,1.72,8.62,37.93,11.21,40.52
reddit,steak,89,746,8.38,41.55,43.03,67.05,5.68,5.68,11.36,10.23,1.14,7.95,5.68,6.82,28.41,6.82,4.55,1.14,2.27,1.14,1.14,0.89,62.5,0.31,29.55,0.02,2.27,0.1,9.09,0.02,2.27,0.0,0.0,0.12,11.36,0.16,13.64,0.15,12.5,91.01,0.0,0.0,0.0,0.0,0.0,4.49,1.12,1.12,2.25,0.0,1.12,3.37,21.35,59.55,14.61
reddit,stroke,138,934,6.77,48.61,38.44,60.58,14.6,9.49,1.46,11.68,2.19,10.95,2.92,2.92,29.2,2.19,1.46,5.11,1.46,2.92,1.46,1.09,72.99,0.37,37.23,0.06,5.84,0.13,13.14,0.01,1.46,0.0,0.0,0.14,12.41,0.2,15.33,0.18,12.41,77.54,1.45,0.0,0.0,0.0,0.0,0.0,5.8,5.8,4.35,5.07,0.72,10.87,35.51,34.06,18.84
reddit,superman,35,283,8.09,42.76,53.71,76.47,17.65,5.88,2.94,8.82,5.88,20.59,11.76,11.76,5.88,0.0,0.0,0.0,0.0,8.82,0.0,0.88,61.76,0.26,26.47,0.0,0.0,0.09,8.82,0.0,0.0,0.0,0.0,0.06,5.88,0.18,14.71,0.29,17.65,62.86,5.71,0.0,0.0,0.0,0.0,0.0,11.43,0.0,20.0,0.0,0.0,2.86,25.71,45.71,25.71
reddit,macroeconomics,169,1141,6.75,43.56,33.3,72.02,10.71,7.14,8.33,5.36,6.55,17.26,4.17,4.17,16.07,1.79,3.57,2.98,1.79,7.74,2.38,1.1,70.83,0.37,36.9,0.07,6.55,0.13,13.1,0.02,1.79,0.0,0.0,0.07,5.36,0.2,16.07,0.26,16.07,59.76,1.18,0.0,4.14,0.0,0.0,4.73,3.55,0.0,21.3,5.33,1.78,11.83,27.22,15.98,43.2
reddit,pandas,94,614,6.53,44.3,47.07,78.49,18.28,9.68,7.53,5.38,1.08,20.43,9.68,9.68,10.75,0.0,2.15,3.23,1.08,0.0,1.08,1.04,63.44,0.2,20.43,0.03,3.23,0.22,19.35,0.0,0.0,0.0,0.0,0.11,8.6,0.16,12.9,0.32,22.58,70.21,4.26,1.06,0.0,0.0,0.0,5.32,10.64,2.13,0.0,6.38,2.13,6.38,32.98,13.83,44.68
reddit,escape,135,893,6.61,43.34,42.67,68.66,5.22,8.21,6.72,5.97,2.99,20.15,9.7,5.22,24.63,0.75,2.24,2.99,2.99,0.75,1.49,1.01,63.43,0.22,22.39,0.01,1.49,0.16,14.93,0.02,2.24,0.0,0.0,0.08,6.72,0.2,16.42,0.31,17.91,68.15,5.93,0.0,2.22,0.0,0.0,8.89,4.44,0.74,8.15,1.48,2.96,2.22,28.15,22.22,44.44
reddit,monsters,122,965,7.91,43.11,37.51,73.55,9.09,3.31,2.48,4.96,4.96,19.01,4.13,12.4,17.36,0.83,4.13,5.79,0.0,6.61,4.96,1.21,69.42,0.26,26.45,0.16,15.7,0.12,9.92,0.03,3.31,0.0,0.0,0.04,3.31,0.11,8.26,0.48,28.93,45.9,3.28,2.46,2.46,0.0,0.0,22.13,2.46,7.38,4.92,9.02,0.0,12.3,44.26,4.92,38.52
speech,albania,99,1180,11.92,40.42,37.88,63.27,0.0,4.08,3.06,7.14,1.02,20.41,5.1,7.14,29.59,6.12,3.06,5.1,2.04,6.12,0.0,1.17,65.31,0.22,21.43,0.04,4.08,0.18,15.31,0.0,0.0,0.0,0.0,0.06,5.1,0.15,13.27,0.51,31.63,97.98,0.0,0.0,2.02,0.0,0.0,0.0,0.0,0.0,0.0,0.0,4.04,4.04,53.54,6.06,32.32
speech,data,119,1023,8.6,41.54,36.07,74.58,6.78,6.78,6.78,12.71,5.08,16.95,1.69,5.93,18.64,6.78,2.54,3.39,1.69,3.39,0.85,1.18,73.73,0.34,32.2,0.03,2.54,0.13,12.71,0.01,0.85,0.0,0.0,0.15,10.17,0.2,18.64,0.32,24.58,78.99,0.0,0.0,10.92,0.0,0.84,0.0,0.0,0.0,9.24,0.0,1.68,5.88,28.57,5.04,58.82
speech,destiny,149,1239,8.32,45.52,34.22,62.16,6.76,1.35,2.03,16.22,2.03,23.65,0.68,4.05,29.05,2.7,1.35,3.38,0.0,6.08,0.68,1.07,70.95,0.32,31.08,0.02,2.03,0.07,6.08,0.0,0.0,0.0,0.0,0.17,12.16,0.11,10.81,0.39,22.97,87.25,2.01,0.0,0.0,3.36,0.0,0.0,0.0,2.01,4.03,1.34,4.03,10.74,32.89,4.03,48.32
speech,floyd,148,1244,8.41,39.47,33.36,74.83,6.12,12.24,5.44,8.84,0.0,12.93,2.72,6.12,17.01,0.68,9.52,6.12,5.44,5.44,1.36,1.24,72.11,0.24,24.49,0.09,8.84,0.18,16.33,0.0,0.0,0.0,0.0,0.14,10.2,0.29,22.45,0.29,21.09,75.0,3.38,0.0,8.11,0.0,4.05,4.05,0.0,0.0,4.73,0.68,2.7,6.76,41.89,18.92,29.73
speech,humanitarian,125,1205,9.64,38.84,42.9,66.94,7.26,2.42,2.42,6.45,0.0,24.19,4.03,9.68,24.19,2.42,1.61,8.06,1.61,4.84,0.81,1.07,66.94,0.19,18.55,0.02,2.42,0.08,7.26,0.02,1.61,0.01,0.81,0.08,8.06,0.19,15.32,0.49,30.65,87.2,0.8,0.0,3.2,0.0,0.0,0.0,0.0,2.4,6.4,0.0,1.6,7.2,45.6,5.6,40.0
speech,maiden,138,1254,9.09,41.31,35.57,70.8,8.76,2.92,3.65,5.84,0.73,22.63,8.76,2.92,15.33,1.46,9.49,2.19,5.11,8.76,1.46,0.99,64.96,0.25,24.09,0.07,7.3,0.09,8.76,0.01,1.46,0.0,0.0,0.05,4.38,0.15,10.95,0.35,19.71,68.84,2.17,0.0,7.25,0.0,0.0,15.94,0.0,0.0,5.8,0.0,9.42,4.35,39.86,13.04,33.33
speech,nixon,135,1172,8.68,51.19,32.25,70.15,8.96,6.72,1.49,11.94,1.49,25.37,1.49,5.22,14.93,1.49,2.99,7.46,0.0,10.45,0.0,1.31,76.87,0.29,28.36,0.01,0.75,0.18,14.93,0.01,0.75,0.0,0.0,0.07,5.97,0.13,12.69,0.62,36.57,72.59,0.74,1.48,7.41,0.0,0.74,2.96,0.74,0.0,13.33,0.0,7.41,9.63,42.22,11.85,28.89
speech,remarks,120,1153,9.61,49.44,31.74,63.87,7.56,7.56,3.36,7.56,0.84,28.57,4.2,0.84,25.21,0.84,0.84,2.52,0.0,10.08,0.0,1.35,78.15,0.34,31.93,0.0,0.0,0.14,10.92,0.0,0.0,0.01,0.84,0.1,5.04,0.23,16.81,0.54,31.93,82.5,0.0,0.0,0.0,0.0,0.0,11.67,0.0,0.0,5.83,0.0,0.83,7.5,27.5,21.67,42.5
speech,school,127,1190,9.37,36.22,37.9,70.63,0.0,4.76,3.97,11.9,0.0,28.57,3.17,3.17,18.25,3.17,5.56,3.97,3.97,9.52,0.0,1.22,69.84,0.18,17.46,0.07,7.14,0.11,8.73,0.0,0.0,0.0,0.0,0.05,3.97,0.25,20.63,0.56,31.75,89.76,0.0,1.57,0.0,0.0,1.57,0.0,0.0,0.0,7.09,0.0,6.3,4.72,55.12,2.36,31.5
speech,telescope,130,1167,8.98,42.67,34.02,73.64,3.1,4.65,4.65,8.53,0.0,19.38,8.53,4.65,17.83,2.33,13.95,2.33,6.2,3.88,0.0,1.16,72.09,0.16,15.5,0.06,5.43,0.22,20.16,0.0,0.0,0.01,0.78,0.1,6.98,0.21,16.28,0.41,24.81,74.62,11.54,0.0,0.77,0.0,9.23,0.0,2.31,0.0,1.54,0.0,4.62,3.85,39.23,8.46,43.85
speech,trump,184,1177,6.4,42.82,27.61,71.04,8.2,9.29,6.01,7.65,0.0,13.11,7.65,8.2,15.3,1.09,7.65,0.0,10.93,3.28,1.64,1.11,62.3,0.19,19.13,0.03,2.73,0.19,16.94,0.01,0.55,0.0,0.0,0.19,16.39,0.39,23.5,0.11,7.1,77.17,1.63,0.0,2.17,0.0,3.26,5.43,0.0,3.26,1.09,5.98,1.09,3.26,28.8,14.13,52.72
speech,impeachment,152,1100,7.24,47.91,33.18,71.52,5.96,10.6,3.31,9.27,1.32,19.87,3.31,6.62,15.89,4.64,0.66,6.62,3.97,7.28,0.66,1.13,62.25,0.16,15.89,0.03,3.31,0.19,16.56,0.0,0.0,0.0,0.0,0.05,3.97,0.22,18.54,0.49,31.13,96.05,0.0,0.0,0.0,0.0,0.0,0.0,0.0,0.0,1.32,2.63,4.61,3.29,40.13,26.97,25.0
speech,inauguration,104,885,8.51,41.47,42.71,66.99,7.77,3.88,0.0,4.85,0.97,26.21,1.94,9.71,19.42,4.85,4.85,4.85,1.94,8.74,0.0,1.1,65.05,0.17,16.5,0.03,2.91,0.09,7.77,0.03,2.91,0.0,0.0,0.18,14.56,0.17,13.59,0.44,26.21,71.15,0.96,0.0,0.0,0.0,0.0,2.88,0.0,0.0,18.27,6.73,3.85,8.65,36.54,0.0,50.96
speech,austria,84,915,10.89,37.6,46.12,67.47,3.61,2.41,0.0,8.43,0.0,24.1,8.43,10.84,28.92,2.41,1.2,7.23,0.0,2.41,0.0,0.95,54.22,0.19,18.07,0.0,0.0,0.13,10.84,0.01,1.2,0.0,0.0,0.01,1.2,0.14,12.05,0.46,26.51,79.76,0.0,0.0,1.19,0.0,0.0,4.76,0.0,0.0,14.29,0.0,2.38,7.14,34.52,13.1,42.86
speech,newzealand,100,813,8.13,40.84,41.45,69.7,4.04,7.07,5.05,6.06,1.01,27.27,0.0,8.08,21.21,2.02,2.02,9.09,0.0,7.07,0.0,1.21,73.74,0.26,26.26,0.02,2.02,0.09,9.09,0.02,2.02,0.01,1.01,0.05,4.04,0.23,16.16,0.53,35.35,100.0,0.0,0.0,0.0,0.0,0.0,0.0,0.0,0.0,0.0,0.0,3.0,5.0,46.0,7.0,39.0
textbook,alamo,128,1161,9.07,34.8,40.31,67.72,3.94,3.15,7.87,14.96,0.79,22.83,0.0,1.57,24.41,2.36,5.51,5.51,0.0,6.3,0.79,0.98,68.5,0.2,18.9,0.06,6.3,0.11,8.66,0.02,1.57,0.0,0.0,0.04,3.94,0.17,14.96,0.39,25.2,91.41,3.12,0.0,0.78,0.0,0.0,0.0,4.69,0.0,0.0,0.0,0.0,0.0,42.19,54.69,3.12
textbook,anthropology,128,1039,8.12,38.5,36.86,71.65,7.87,7.09,5.51,9.45,1.57,14.96,3.15,10.24,15.75,3.15,5.51,3.15,3.15,7.87,1.57,1.03,65.35,0.24,22.83,0.06,6.3,0.15,14.17,0.01,0.79,0.02,1.57,0.07,5.51,0.23,20.47,0.26,19.69,70.31,3.12,0.0,7.81,0.0,0.0,2.34,0.0,3.91,11.72,0.78,0.78,4.69,48.44,10.16,35.94
textbook,artwork,115,1106,9.62,35.44,39.06,65.79,3.51,6.14,3.51,7.89,1.75,20.18,1.75,11.4,15.79,1.75,2.63,1.75,5.26,15.79,0.88,1.19,66.67,0.22,18.42,0.18,17.54,0.16,13.16,0.0,0.0,0.01,0.88,0.01,0.88,0.2,14.91,0.41,23.68,93.04,2.61,0.0,0.0,0.0,0.0,0.0,0.0,0.0,4.35,0.0,0.0,2.61,54.78,3.48,39.13
textbook,cognition,141,1141,8.09,38.04,39.0,72.14,3.57,0.71,2.14,8.57,0.0,36.43,0.71,5.71,20.71,4.29,5.71,5.0,0.71,5.0,0.71,1.13,73.57,0.29,27.86,0.11,11.43,0.01,1.43,0.0,0.0,0.0,0.0,0.06,5.71,0.2,15.71,0.46,27.86,79.43,3.55,0.0,2.13,2.13,0.0,0.0,0.0,3.55,7.8,1.42,2.13,6.38,51.06,2.84,37.59
textbook,entrepreneurship,122,967,7.93,34.54,42.81,79.34,2.48,4.13,3.31,6.61,1.65,28.93,2.48,9.92,13.22,4.13,4.96,10.74,0.83,4.96,1.65,1.21,71.07,0.16,15.7,0.07,7.44,0.07,7.44,0.01,0.83,0.01,0.83,0.03,3.31,0.19,12.4,0.66,38.84,57.38,10.66,0.0,4.92,0.0,0.0,0.0,0.0,1.64,17.21,8.2,0.0,6.56,53.28,4.1,36.07
textbook,evoethics,163,1238,7.6,40.63,30.05,80.25,9.88,16.67,1.23,4.32,5.56,18.52,4.94,12.96,6.79,3.09,3.7,1.85,0.62,9.88,0.0,1.37,73.46,0.25,24.07,0.09,8.64,0.23,20.37,0.03,3.09,0.0,0.0,0.04,3.09,0.29,24.07,0.45,30.25,63.19,1.84,0.0,2.45,0.0,0.0,6.75,1.84,0.61,21.47,1.84,0.0,8.59,41.1,1.84,48.47
textbook,grit,144,1115,7.74,44.75,36.77,74.13,6.99,11.19,3.5,5.59,2.1,23.08,0.7,2.8,17.48,1.4,9.09,7.69,2.8,4.2,1.4,1.28,76.22,0.2,18.18,0.13,12.59,0.13,12.59,0.0,0.0,0.01,0.7,0.06,5.59,0.25,20.98,0.49,30.07,73.61,3.47,0.69,0.0,0.0,0.0,6.94,8.33,0.0,3.47,3.47,6.94,4.17,47.22,6.25,35.42
textbook,history,180,1407,7.82,34.54,41.93,68.72,3.35,5.03,4.47,8.94,0.56,30.73,0.56,3.91,22.35,0.56,8.38,2.23,0.0,7.82,1.12,1.06,72.07,0.14,13.97,0.2,18.99,0.07,6.7,0.0,0.0,0.0,0.0,0.04,4.47,0.16,15.08,0.44,26.82,81.67,13.89,0.0,0.0,1.67,0.0,0.0,1.11,1.11,0.0,0.56,0.56,1.11,49.44,37.22,11.67
textbook,sociology,143,1209,8.45,36.15,42.85,62.68,11.97,4.93,3.52,11.97,0.7,22.54,1.41,7.04,15.49,2.11,1.41,2.82,0.0,13.38,0.7,1.01,64.08,0.25,25.35,0.04,3.52,0.12,10.56,0.0,0.0,0.0,0.0,0.04,4.23,0.17,14.79,0.39,23.24,66.43,0.7,0.0,0.0,0.0,0.0,4.9,0.0,0.0,27.97,0.0,0.0,10.49,40.56,13.99,34.97
textbook,spacetime,180,1420,7.89,42.54,33.87,74.86,7.26,6.15,6.7,8.38,2.79,21.79,0.0,2.79,13.41,3.91,10.06,4.47,1.12,9.5,1.68,1.13,67.6,0.24,23.46,0.11,10.06,0.09,8.94,0.0,0.0,0.0,0.0,0.07,6.15,0.3,20.67,0.32,20.11,77.78,3.89,0.0,11.67,0.56,0.0,0.0,0.0,0.56,2.22,3.33,1.67,5.0,46.67,9.44,37.22
textbook,stats,136,1230,9.04,35.93,22.85,74.81,3.7,6.67,3.7,7.41,3.7,25.19,0.74,3.7,13.33,1.48,7.41,5.93,11.11,5.93,0.0,1.35,70.37,0.21,21.48,0.16,14.81,0.11,10.37,0.01,0.74,0.01,1.48,0.03,2.96,0.56,34.07,0.25,17.78,68.38,6.62,0.0,13.97,0.0,0.0,0.0,1.47,0.0,9.56,0.0,2.21,5.88,49.26,1.47,41.18
textbook,governments,112,945,8.44,37.78,34.71,72.97,9.91,3.6,0.9,3.6,0.9,30.63,1.8,11.71,15.32,0.9,6.31,5.41,0.9,8.11,0.0,1.16,71.17,0.23,23.42,0.09,8.11,0.07,6.31,0.0,0.0,0.0,0.0,0.02,1.8,0.32,22.52,0.43,24.32,75.89,5.36,0.0,5.36,0.0,0.0,3.57,0.0,0.0,8.93,0.89,0.0,2.68,49.11,2.68,45.54
textbook,labor,80,640,8.0,41.25,43.12,72.15,13.92,1.27,3.8,3.8,5.06,30.38,0.0,7.59,8.86,1.27,3.8,2.53,3.8,12.66,1.27,1.11,65.82,0.23,22.78,0.05,5.06,0.04,3.8,0.0,0.0,0.01,1.27,0.03,2.53,0.19,15.19,0.57,30.38,81.25,1.25,0.0,0.0,0.0,0.0,6.25,0.0,0.0,6.25,5.0,6.25,10.0,41.25,3.75,38.75
textbook,chemistry,127,974,7.67,34.6,32.14,76.19,3.97,3.97,0.79,10.32,4.76,27.78,3.17,6.35,13.49,1.59,11.9,1.59,0.79,7.94,1.59,1.11,71.43,0.15,14.29,0.25,23.81,0.05,3.97,0.0,0.0,0.02,1.59,0.02,1.59,0.28,22.22,0.36,20.63,74.02,10.24,0.79,0.79,2.36,0.0,0.0,0.0,4.72,3.94,3.15,1.57,1.57,60.63,7.87,28.35
textbook,union,128,1098,8.58,34.52,41.71,72.44,10.24,3.94,8.66,11.81,0.0,20.47,0.79,4.72,18.11,1.57,7.87,7.09,0.0,3.94,0.79,1.16,74.8,0.27,26.77,0.1,10.24,0.1,8.66,0.02,2.36,0.0,0.0,0.06,6.3,0.22,17.32,0.38,22.83,89.84,3.91,0.0,0.0,5.47,0.0,0.0,0.78,0.0,0.0,0.0,0.78,2.34,46.09,49.22,1.56
vlog,appearance,175,1211,6.92,46.66,26.92,82.18,7.47,9.2,8.05,8.62,0.0,14.37,9.77,2.87,10.92,1.72,14.94,1.72,6.32,3.45,0.57,1.16,72.41,0.29,26.44,0.0,0.0,0.3,24.71,0.0,0.0,0.0,0.0,0.2,15.52,0.17,16.09,0.2,11.49,83.43,2.86,0.0,1.14,0.0,1.14,9.71,0.57,1.14,0.0,0.0,0.0,0.57,24.57,15.43,59.43
vlog,college,173,1222,7.06,43.45,29.95,70.93,11.05,5.81,5.81,7.56,1.74,11.05,9.3,5.81,22.09,1.16,9.88,1.74,2.91,1.16,2.91,1.0,69.19,0.27,26.16,0.03,3.49,0.28,23.84,0.01,0.58,0.0,0.0,0.13,12.79,0.16,12.79,0.12,8.14,73.99,2.31,0.0,1.16,0.0,6.36,5.78,2.89,4.62,0.58,2.31,4.05,2.31,30.64,16.18,46.82
vlog,covid,164,1191,7.26,44.58,28.88,75.46,6.75,12.27,4.29,13.5,3.07,13.5,4.29,5.52,14.11,0.61,8.59,3.07,3.68,5.52,1.23,1.34,73.01,0.26,22.7,0.01,1.23,0.3,25.77,0.01,1.23,0.0,0.0,0.23,19.02,0.35,23.93,0.18,13.5,73.17,0.0,0.0,0.0,0.0,0.61,17.68,0.0,4.88,2.44,1.22,0.61,7.32,26.22,32.93,32.93
vlog,exams,218,1276,5.85,41.93,29.15,77.42,3.69,5.99,5.07,9.22,0.92,13.82,7.83,4.61,16.13,0.92,11.98,3.23,7.83,1.84,6.91,1.02,62.21,0.2,16.13,0.07,6.91,0.29,25.35,0.02,2.3,0.0,0.0,0.15,12.44,0.14,11.98,0.14,10.14,47.25,8.26,0.46,2.29,0.0,12.39,12.84,2.29,9.63,0.92,3.67,2.75,5.96,43.12,8.72,39.45
vlog,hair,140,1225,8.75,43.67,23.59,78.42,10.07,10.79,6.47,7.19,0.72,20.14,4.32,6.47,10.79,0.0,9.35,1.44,7.19,3.6,1.44,1.3,74.1,0.24,23.74,0.01,1.44,0.22,18.71,0.0,0.0,0.0,0.0,0.2,17.99,0.32,24.46,0.3,20.14,84.29,0.71,0.0,0.0,0.0,1.43,5.71,1.43,0.0,6.43,0.0,2.14,10.0,23.57,5.0,59.29
vlog,hiking,183,1260,6.89,44.21,26.9,70.33,2.75,3.85,7.69,10.99,3.3,13.74,8.24,4.95,24.18,0.55,9.34,1.65,5.49,1.65,1.65,1.01,71.43,0.32,30.22,0.01,1.1,0.21,18.68,0.02,1.65,0.0,0.0,0.18,14.29,0.16,14.29,0.1,6.04,83.06,4.92,0.55,4.92,0.0,3.83,1.09,1.09,0.55,0.0,0.0,0.0,3.28,32.24,16.94,47.54
vlog,lipstick,191,1269,6.64,42.79,23.88,79.47,6.32,10.0,5.26,7.37,0.53,7.89,14.74,9.47,12.11,1.05,13.16,0.53,8.42,1.05,2.11,0.93,58.95,0.13,13.16,0.01,1.05,0.27,25.79,0.01,0.53,0.0,0.0,0.15,12.11,0.26,21.05,0.09,7.37,57.07,2.62,0.0,7.85,0.52,7.85,7.85,3.66,5.76,3.66,3.14,2.62,4.71,38.22,5.76,48.69
vlog,mermaid,163,1063,6.52,45.53,31.8,70.37,9.26,1.85,4.32,9.88,0.0,12.35,11.73,4.32,23.46,1.23,11.11,0.62,1.23,2.47,6.17,0.8,58.02,0.24,22.84,0.06,5.56,0.25,20.37,0.01,0.62,0.0,0.0,0.09,6.79,0.06,5.56,0.1,8.02,69.33,1.84,0.0,3.07,0.0,8.59,2.45,2.45,1.84,3.07,7.36,0.0,3.07,28.83,22.7,45.4
vlog,pizzeria,160,870,5.44,38.97,27.93,70.44,6.29,3.14,0.63,5.03,0.63,12.58,15.09,5.03,18.24,1.89,8.18,0.0,13.21,0.63,9.43,0.77,50.31,0.13,11.95,0.09,8.81,0.25,23.27,0.0,0.0,0.0,0.0,0.11,9.43,0.14,10.69,0.06,5.03,60.0,4.38,0.0,6.88,0.0,13.75,1.25,0.0,6.88,0.62,6.25,0.62,2.5,43.75,7.5,45.62
vlog,pregnant,201,1313,6.53,48.51,26.05,70.5,9.5,8.0,12.0,11.0,0.5,16.0,1.5,4.0,13.5,2.0,8.0,1.0,6.0,7.0,0.0,1.18,77.0,0.37,36.0,0.01,1.0,0.17,14.0,0.0,0.0,0.0,0.0,0.22,17.5,0.19,16.0,0.21,13.5,86.07,1.49,0.0,0.5,0.0,0.5,9.95,0.0,0.0,1.49,0.0,0.0,2.49,27.36,21.89,48.26
vlog,wine,165,1239,7.51,41.4,28.25,74.39,10.37,3.05,3.66,5.49,1.22,17.68,7.32,3.66,18.29,0.61,11.59,2.44,6.1,3.05,5.49,0.99,63.41,0.29,22.56,0.05,5.49,0.26,20.73,0.01,0.61,0.0,0.0,0.11,10.37,0.16,13.41,0.12,7.93,63.64,5.45,0.0,3.03,0.0,4.24,7.27,1.21,8.48,2.42,4.24,0.61,3.03,38.18,16.97,41.21
vlog,portland,146,1097,7.51,49.41,28.81,76.55,9.66,8.97,5.52,7.59,4.14,20.0,8.97,6.9,13.79,1.38,4.14,1.38,1.38,6.21,0.0,1.21,75.86,0.3,28.28,0.0,0.0,0.21,17.93,0.01,0.69,0.0,0.0,0.14,10.34,0.26,19.31,0.3,20.69,72.6,2.05,0.0,0.0,0.0,1.37,22.6,0.0,0.0,1.37,0.0,1.37,6.85,20.55,31.51,39.73
vlog,radiology,133,943,7.09,46.98,32.56,69.7,7.58,3.79,12.12,9.09,2.27,12.88,6.06,3.03,21.21,0.0,6.82,3.79,6.06,4.55,0.76,1.19,72.73,0.35,32.58,0.01,0.76,0.14,13.64,0.03,3.03,0.0,0.0,0.2,16.67,0.27,15.91,0.2,11.36,69.17,0.0,0.75,2.26,0.0,0.75,26.32,0.0,0.0,0.75,0.0,5.26,3.76,31.58,11.28,48.12
vlog,london,98,769,7.85,46.42,36.8,65.98,6.19,6.19,6.19,12.37,4.12,20.62,1.03,4.12,20.62,2.06,2.06,4.12,0.0,10.31,0.0,1.24,77.32,0.4,37.11,0.02,2.06,0.09,9.28,0.01,1.03,0.0,0.0,0.2,13.4,0.2,15.46,0.32,17.53,87.76,0.0,0.0,1.02,0.0,0.0,10.2,0.0,0.0,0.0,1.02,3.06,5.1,31.63,5.1,55.1
vlog,studying,126,900,7.14,50.11,30.89,70.4,8.8,6.4,13.6,6.4,3.2,16.8,5.6,4.0,22.4,0.8,3.2,3.2,2.4,3.2,0.0,1.32,83.2,0.54,48.8,0.0,0.0,0.22,17.6,0.01,0.8,0.0,0.0,0.23,19.2,0.18,16.8,0.14,8.0,41.27,0.0,0.0,0.0,0.0,3.97,47.62,0.0,0.0,7.14,0.0,1.59,0.79,25.4,22.22,50.0
whow,arrogant,147,1131,7.69,43.94,33.6,72.6,10.27,3.42,6.16,8.9,9.59,19.18,4.79,2.05,17.81,2.74,2.74,3.42,1.37,4.79,2.74,1.1,73.29,0.32,31.51,0.09,7.53,0.1,8.22,0.03,3.42,0.0,0.0,0.17,13.7,0.11,10.96,0.27,17.81,61.9,0.68,0.0,12.93,0.68,0.0,2.72,0.0,7.48,11.56,2.04,1.36,5.44,43.54,0.0,49.66
whow,ballet,95,695,7.32,41.15,43.74,64.89,8.51,3.19,4.26,4.26,4.26,15.96,0.0,8.51,27.66,1.06,3.19,14.89,0.0,3.19,1.06,1.11,73.4,0.34,34.04,0.09,8.51,0.09,5.32,0.05,5.32,0.0,0.0,0.03,2.13,0.18,15.96,0.33,22.34,49.47,0.0,2.11,27.37,1.05,0.0,3.16,0.0,0.0,16.84,0.0,3.16,14.74,48.42,2.11,31.58
whow,basil,173,1174,6.79,37.82,36.29,62.79,6.98,1.16,1.16,3.49,8.72,14.53,0.0,4.07,32.56,1.16,12.21,9.3,0.58,2.33,1.74,1.02,72.67,0.34,33.72,0.11,11.05,0.02,2.33,0.03,3.49,0.01,0.58,0.02,2.33,0.26,18.02,0.22,13.95,39.88,4.62,0.0,46.82,0.58,0.0,4.05,0.0,0.0,4.05,0.0,4.62,2.31,58.96,0.58,33.53
whow,chicken,97,660,6.8,36.36,43.33,62.5,8.33,2.08,6.25,6.25,4.17,11.46,1.04,6.25,28.12,7.29,8.33,2.08,2.08,6.25,0.0,1.0,71.88,0.3,30.21,0.16,15.62,0.06,6.25,0.05,5.21,0.0,0.0,0.06,6.25,0.15,13.54,0.22,14.58,40.21,4.12,0.0,45.36,1.03,0.0,0.0,0.0,0.0,9.28,0.0,1.03,9.28,59.79,0.0,29.9
whow,cupcakes,169,976,5.78,27.87,33.91,50.6,4.17,1.19,0.6,2.38,8.33,8.93,1.19,1.19,41.07,2.38,8.93,4.76,8.33,6.55,0.0,0.99,76.19,0.2,19.64,0.43,41.67,0.05,4.17,0.01,0.6,0.01,0.6,0.02,1.79,0.14,12.5,0.14,9.52,7.69,38.46,0.0,44.97,0.59,0.0,0.0,1.78,0.0,6.51,0.0,1.18,2.37,82.84,0.0,13.61
whow,elevator,118,710,6.02,41.27,38.59,72.65,3.42,12.82,2.56,14.53,4.27,13.68,0.0,4.27,18.8,4.27,9.4,5.98,0.0,5.98,0.0,1.3,77.78,0.28,27.35,0.15,15.38,0.16,15.38,0.0,0.0,0.0,0.0,0.08,5.98,0.34,27.35,0.28,19.66,11.86,0.0,2.54,61.86,0.85,0.0,0.0,0.0,0.0,22.88,0.0,1.69,5.93,61.02,3.39,27.97
whow,flirt,134,1140,8.51,41.32,35.26,69.92,11.28,6.02,1.5,6.77,5.26,15.79,3.01,9.77,18.05,3.01,4.51,4.51,3.76,6.77,0.0,1.14,70.68,0.35,33.08,0.11,11.28,0.14,12.78,0.06,6.02,0.0,0.0,0.02,2.26,0.18,15.04,0.27,18.05,53.73,2.99,2.99,20.9,0.75,0.0,3.73,0.0,1.49,13.43,0.0,2.24,12.69,58.21,1.49,25.37
whow,glowstick,104,685,6.59,36.5,45.99,65.05,8.74,0.0,2.91,5.83,4.85,10.68,3.88,11.65,26.21,2.91,7.77,4.85,2.91,4.85,1.94,0.91,72.82,0.27,27.18,0.19,18.45,0.06,4.85,0.08,7.77,0.0,0.0,0.03,2.91,0.06,4.85,0.22,15.53,41.35,0.96,0.96,43.27,0.96,0.0,9.62,0.96,1.92,0.0,0.0,2.88,0.0,64.42,0.96,31.73
whow,languages,142,1159,8.16,40.12,30.8,60.99,5.67,3.55,0.71,4.96,6.38,19.86,0.71,7.8,31.91,2.84,4.96,4.26,2.13,4.26,0.0,1.18,83.69,0.32,31.91,0.27,26.95,0.11,7.8,0.06,6.38,0.0,0.0,0.09,8.51,0.14,12.06,0.18,14.18,21.83,2.11,0.0,41.55,2.82,0.0,4.93,0.0,0.0,22.54,4.23,2.11,14.08,59.86,0.7,23.24
whow,packing,100,705,7.05,38.58,42.41,62.63,10.1,0.0,1.01,5.05,4.04,21.21,0.0,11.11,32.32,2.02,4.04,5.05,1.01,3.03,0.0,1.1,79.8,0.3,30.3,0.2,20.2,0.05,4.04,0.08,8.08,0.0,0.0,0.02,2.02,0.2,14.14,0.24,13.13,25.0,6.0,0.0,58.0,1.0,0.0,4.0,0.0,0.0,6.0,0.0,2.0,14.0,68.0,1.0,15.0
whow,parachute,105,902,8.59,43.46,39.58,70.19,10.58,0.96,6.73,6.73,12.5,15.38,2.88,4.81,20.19,1.92,9.62,1.92,0.0,5.77,0.0,1.01,70.19,0.35,34.62,0.19,18.27,0.12,6.73,0.03,2.88,0.0,0.0,0.05,2.88,0.09,8.65,0.18,11.54,54.29,4.76,0.0,23.81,0.95,0.0,16.19,0.0,0.0,0.0,0.0,5.71,10.48,45.71,0.0,38.1
whow,procrastinating,142,936,6.59,44.87,35.47,70.92,7.8,0.0,2.84,5.67,7.8,23.4,0.71,7.09,21.28,1.42,6.38,9.22,2.13,3.55,0.71,1.11,79.43,0.36,34.75,0.09,9.22,0.04,3.55,0.04,4.26,0.0,0.0,0.09,7.8,0.13,11.35,0.36,20.57,30.28,2.11,0.0,61.97,0.7,0.0,1.41,3.52,0.0,0.0,0.0,4.23,4.93,64.79,0.7,25.35
whow,quidditch,165,1083,6.56,39.43,35.73,58.54,6.71,1.83,1.83,6.1,3.66,23.17,1.83,0.61,33.54,3.05,4.88,6.1,1.22,4.88,0.61,1.16,79.88,0.28,27.44,0.32,31.71,0.06,6.1,0.01,0.61,0.0,0.0,0.03,2.44,0.24,20.12,0.22,15.24,55.76,13.94,0.0,20.0,1.21,0.0,4.85,0.0,0.0,4.24,0.0,0.61,7.27,63.64,1.82,26.67
whow,quinoa,122,847,6.94,35.3,35.89,50.41,7.44,0.0,0.83,6.61,3.31,14.88,0.0,4.96,47.11,2.48,7.44,3.31,0.83,0.83,0.0,1.07,76.86,0.25,24.79,0.3,29.75,0.06,5.79,0.03,3.31,0.0,0.0,0.0,0.0,0.26,16.53,0.17,11.57,22.13,12.3,4.92,51.64,0.82,0.0,0.0,0.0,0.0,8.2,0.0,2.46,5.74,76.23,2.46,13.11
whow,skittles,146,962,6.59,37.32,33.89,53.79,2.07,0.0,3.45,6.9,6.9,8.28,0.69,2.76,37.93,2.07,9.66,8.28,4.83,6.21,0.0,1.02,77.93,0.28,27.59,0.35,35.17,0.03,3.45,0.02,2.07,0.01,0.69,0.01,1.38,0.11,8.97,0.21,14.48,14.38,17.12,0.0,41.78,0.68,0.0,8.22,4.79,0.0,13.01,0.0,2.74,6.16,75.34,0.0,15.75
whow,joke,135,1021,7.56,41.82,33.79,66.42,8.21,0.75,2.99,2.99,8.96,16.42,1.49,10.45,22.39,2.24,9.7,4.48,3.73,5.22,0.0,1.04,72.39,0.28,26.87,0.22,20.9,0.04,2.24,0.01,1.49,0.01,0.75,0.11,8.96,0.15,12.69,0.23,14.18,57.78,1.48,2.22,15.56,0.74,0.0,0.0,0.0,0.0,22.22,0.0,5.19,10.37,48.89,0.0,35.56
whow,overalls,81,647,7.99,42.35,41.11,77.5,8.75,2.5,5.0,13.75,7.5,15.0,1.25,8.75,12.5,2.5,7.5,5.0,6.25,3.75,0.0,1.0,71.25,0.21,20.0,0.12,12.5,0.11,10.0,0.07,7.5,0.0,0.0,0.06,6.25,0.24,18.75,0.17,11.25,59.26,3.7,0.0,27.16,1.23,0.0,6.17,0.0,0.0,2.47,0.0,11.11,3.7,44.44,1.23,39.51
whow,cactus,93,647,6.96,38.64,40.65,66.3,7.61,4.35,1.09,9.78,4.35,15.22,0.0,3.26,26.09,3.26,6.52,10.87,4.35,3.26,0.0,1.24,83.7,0.26,26.09,0.24,23.91,0.13,9.78,0.04,4.35,0.0,0.0,0.08,7.61,0.25,22.83,0.24,19.57,37.63,4.3,0.0,50.54,1.08,0.0,3.23,0.0,0.0,3.23,0.0,6.45,8.6,62.37,0.0,22.58
whow,mice,130,995,7.65,39.9,36.48,74.42,9.3,1.55,3.88,7.75,6.2,20.93,1.55,11.63,20.93,0.78,5.43,6.98,0.78,2.33,0.0,1.15,82.17,0.27,27.13,0.16,16.28,0.06,5.43,0.05,4.65,0.0,0.0,0.08,6.98,0.24,17.83,0.29,18.6,46.92,0.0,1.54,24.62,0.77,0.0,5.38,0.0,0.0,20.77,0.0,3.85,15.38,50.0,0.0,30.77
voyage,chatham,128,1118,8.73,38.73,40.07,66.14,7.09,0.0,0.79,11.02,3.94,19.69,6.3,7.87,23.62,0.79,9.45,3.15,1.57,4.72,0.0,0.96,70.08,0.26,25.98,0.11,11.02,0.09,7.09,0.02,1.57,0.0,0.0,0.07,6.3,0.24,17.32,0.18,10.24,78.12,9.38,0.0,12.5,0.0,0.0,0.0,0.0,0.0,0.0,0.0,6.25,3.12,46.88,5.47,38.28
voyage,cleveland,53,649,12.25,29.74,47.0,67.31,7.69,1.92,5.77,7.69,0.0,25.0,3.85,9.62,13.46,0.0,7.69,0.0,1.92,15.38,0.0,1.1,63.46,0.15,15.38,0.23,23.08,0.12,7.69,0.02,1.92,0.02,1.92,0.0,0.0,0.38,34.62,0.17,9.62,94.34,3.77,0.0,1.89,0.0,0.0,0.0,0.0,0.0,0.0,0.0,1.89,1.89,54.72,5.66,35.85
voyage,cuba,112,813,7.26,35.55,39.98,64.86,11.71,3.6,1.8,6.31,6.31,24.32,0.9,6.31,22.52,0.0,2.7,0.9,1.8,10.81,0.0,0.87,63.06,0.23,23.42,0.23,22.52,0.07,7.21,0.02,1.8,0.0,0.0,0.01,0.9,0.11,10.81,0.21,15.32,89.29,1.79,0.0,7.14,0.0,0.0,1.79,0.0,0.0,0.0,0.0,1.79,12.5,63.39,0.0,22.32
voyage,fortlee,118,1144,9.69,32.08,41.7,64.96,6.84,0.0,2.56,9.4,5.13,26.5,1.71,5.13,27.35,0.0,10.26,0.85,0.0,4.27,0.0,1.06,74.36,0.28,27.35,0.24,23.93,0.05,4.27,0.02,1.71,0.0,0.0,0.03,2.56,0.33,27.35,0.11,6.84,52.54,16.95,0.0,15.25,0.0,0.0,2.54,3.39,0.0,9.32,0.0,0.0,5.08,63.56,0.0,31.36
voyage,guadeloupe,98,804,8.2,32.59,43.41,64.95,6.19,0.0,2.06,3.09,2.06,24.74,10.31,8.25,26.8,0.0,6.19,3.09,2.06,5.15,0.0,1.12,77.32,0.14,13.4,0.37,37.11,0.18,14.43,0.02,2.06,0.01,1.03,0.04,4.12,0.22,19.59,0.14,7.22,34.69,41.84,0.0,2.04,0.0,0.0,5.1,0.0,0.0,16.33,0.0,3.06,12.24,65.31,0.0,19.39
voyage,isfahan,126,1007,7.99,33.86,41.01,59.2,1.6,0.0,3.2,10.4,0.8,24.0,4.8,1.6,36.0,0.0,8.0,3.2,4.0,2.4,0.0,0.95,63.2,0.16,15.2,0.25,24.8,0.09,5.6,0.0,0.0,0.0,0.0,0.06,5.6,0.19,16.8,0.21,11.2,63.49,31.75,0.0,2.38,0.0,0.0,0.0,0.79,0.0,1.59,0.0,0.0,2.38,65.87,7.14,24.6
voyage,lodz,92,880,9.57,37.16,44.55,61.54,5.49,0.0,10.99,7.69,0.0,19.78,3.3,4.4,32.97,0.0,5.49,5.49,0.0,4.4,0.0,1.07,72.53,0.24,24.18,0.16,16.48,0.18,14.29,0.01,1.1,0.01,1.1,0.02,2.2,0.24,20.88,0.2,10.99,93.48,5.43,0.0,1.09,0.0,0.0,0.0,0.0,0.0,0.0,0.0,0.0,1.09,59.78,17.39,21.74
voyage,merida,74,639,8.64,32.55,48.36,56.16,1.37,1.37,6.85,5.48,0.0,23.29,1.37,4.11,41.1,0.0,4.11,2.74,8.22,0.0,0.0,0.95,56.16,0.14,13.7,0.19,19.18,0.08,5.48,0.0,0.0,0.0,0.0,0.03,2.74,0.34,23.29,0.16,9.59,64.86,25.68,0.0,9.46,0.0,0.0,0.0,0.0,0.0,0.0,0.0,1.35,2.7,58.11,9.46,28.38
voyage,phoenix,94,895,9.52,33.52,45.92,59.14,3.23,0.0,3.23,5.38,0.0,30.11,1.08,2.15,29.03,1.08,7.53,1.08,4.3,10.75,1.08,0.81,56.99,0.14,13.98,0.26,25.81,0.08,6.45,0.01,1.08,0.0,0.0,0.04,4.3,0.15,13.98,0.13,8.6,69.15,14.89,0.0,3.19,0.0,0.0,2.13,0.0,0.0,9.57,1.06,0.0,3.19,55.32,9.57,31.91
voyage,socotra,92,906,9.85,38.63,42.6,64.84,10.99,0.0,2.2,5.49,2.2,28.57,3.3,4.4,27.47,0.0,8.79,1.1,1.1,4.4,0.0,1.15,73.63,0.33,29.67,0.11,10.99,0.09,5.49,0.0,0.0,0.01,1.1,0.03,3.3,0.32,20.88,0.26,13.19,90.22,2.17,0.0,4.35,0.0,0.0,2.17,0.0,0.0,1.09,0.0,2.17,5.43,34.78,1.09,56.52
voyage,sydfynske,173,1338,7.73,38.12,40.81,62.79,8.72,2.33,3.49,2.33,4.07,24.42,3.49,4.07,27.33,1.16,8.14,3.49,0.58,6.4,0.0,0.97,68.02,0.24,24.42,0.16,16.28,0.09,6.98,0.02,1.74,0.0,0.0,0.02,1.74,0.16,13.37,0.27,16.28,45.09,19.08,0.0,6.94,0.0,0.0,15.61,4.62,0.0,8.67,0.0,1.16,4.05,65.32,0.0,29.48
voyage,thailand,115,920,8.0,40.65,40.54,64.91,6.14,5.26,3.51,10.53,6.14,20.18,1.75,4.39,24.56,1.75,4.39,2.63,1.75,7.02,0.0,1.05,67.54,0.31,30.7,0.08,7.89,0.11,9.65,0.03,2.63,0.0,0.0,0.04,3.51,0.25,20.18,0.24,15.79,69.57,6.09,0.0,1.74,0.0,0.0,0.0,0.0,0.0,22.61,0.0,5.22,13.91,46.09,0.0,34.78
voyage,tulsa,133,1339,10.07,31.96,36.22,55.3,6.06,0.0,3.79,5.3,0.76,19.7,1.52,2.27,37.12,0.76,9.85,0.76,7.58,4.55,0.0,0.83,56.06,0.17,16.67,0.2,19.7,0.08,6.06,0.0,0.0,0.0,0.0,0.01,0.76,0.25,18.94,0.13,6.82,68.42,19.55,0.0,3.76,0.0,0.0,0.0,0.0,0.0,8.27,0.0,1.5,3.01,52.63,4.51,38.35
voyage,york,76,725,9.54,36.97,44.0,56.0,8.0,1.33,4.0,6.67,4.0,13.33,1.33,6.67,30.67,0.0,5.33,4.0,4.0,10.67,0.0,0.93,64.0,0.24,24.0,0.13,13.33,0.11,8.0,0.0,0.0,0.0,0.0,0.01,1.33,0.21,18.67,0.23,12.0,85.53,3.95,0.0,10.53,0.0,0.0,0.0,0.0,0.0,0.0,0.0,2.63,3.95,50.0,10.53,32.89
voyage,athens,101,1021,10.11,34.08,44.17,65.0,10.0,1.0,10.0,14.0,0.0,17.0,1.0,1.0,25.0,2.0,4.0,6.0,1.0,7.0,1.0,1.05,73.0,0.25,25.0,0.09,9.0,0.23,16.0,0.01,1.0,0.0,0.0,0.01,1.0,0.13,10.0,0.33,21.0,95.05,3.96,0.0,0.99,0.0,0.0,0.0,0.0,0.0,0.0,0.0,0.0,2.97,49.5,33.66,13.86
voyage,coron,56,582,10.39,38.32,44.85,61.82,3.64,0.0,10.91,14.55,0.0,20.0,1.82,3.64,34.55,1.82,5.45,1.82,0.0,1.82,0.0,1.11,81.82,0.31,30.91,0.07,7.27,0.2,18.18,0.02,1.82,0.0,0.0,0.07,7.27,0.18,14.55,0.25,14.55,94.64,5.36,0.0,0.0,0.0,0.0,0.0,0.0,0.0,0.0,0.0,0.0,0.0,41.07,21.43,37.5
voyage,oakland,83,1097,13.22,37.65,41.84,69.51,6.1,1.22,3.66,3.66,1.22,34.15,4.88,8.54,23.17,2.44,1.22,4.88,0.0,4.88,0.0,0.99,67.07,0.18,18.29,0.05,4.88,0.1,8.54,0.0,0.0,0.0,0.0,0.09,8.54,0.2,14.63,0.38,21.95,95.18,2.41,0.0,1.2,0.0,0.0,0.0,0.0,0.0,1.2,0.0,1.2,1.2,44.58,3.61,49.4
voyage,vavau,68,625,9.19,40.32,45.6,59.7,4.48,0.0,4.48,5.97,0.0,25.37,1.49,2.99,34.33,0.0,10.45,7.46,1.49,1.49,0.0,0.99,64.18,0.15,14.93,0.09,8.96,0.06,4.48,0.0,0.0,0.0,0.0,0.09,8.96,0.27,22.39,0.33,19.4,91.18,7.35,0.0,1.47,0.0,0.0,0.0,0.0,0.0,0.0,0.0,0.0,0.0,38.24,1.47,60.29
