Genre,Tokens_Per_EDU_AVG_AVG,Stopword_Percentage_AVG,Type_Token_Ratio_AVG,Nuc_Sat_Relation_Percentage_AVG,Adversative_Relation_Percentage_AVG,Attribution_Relation_Percentage_AVG,Causal_Relation_Percentage_AVG,Context_Relation_Percentage_AVG,Contingency_Relation_Percentage_AVG,Elaboration_Relation_Percentage_AVG,Evaluation_Relation_Percentage_AVG,Explanation_Relation_Percentage_AVG,Joint_Relation_Percentage_AVG,Mode_Relation_Percentage_AVG,Organization_Relation_Percentage_AVG,Purpose_Relation_Percentage_AVG,Restatement_Relation_Percentage_AVG,SameUnit_Relation_Percentage_AVG,Topic_Relation_Percentage_AVG,Marker_Per_EDU_AVG_AVG,Marked_EDU_Percentage_AVG,DM_Marker_Per_EDU_AVG_AVG,DM_Marked_Percentage_AVG,Graphical_Marker_Per_EDU_AVG_AVG,Graphical_Marked_Percentage_AVG,Lexical_Marker_Per_EDU_AVG_AVG,Lexical_Marked_Percentage_AVG,Morphological_Marker_Per_EDU_AVG_AVG,Morphological_Marked_Percentage_AVG,Numerical_Marker_Per_EDU_AVG_AVG,Numerical_Marked_Percentage_AVG,Reference_Marker_Per_EDU_AVG_AVG,Reference_Marked_Percentage_AVG,Semantic_Marker_Per_EDU_AVG_AVG,Semantic_Marked_Percentage_AVG,Syntactic_Marker_Per_EDU_AVG_AVG,Syntactic_Marked_Percentage_AVG,Declarative_Stype_Percentage_AVG,Fragment_Stype_Percentage_AVG,Gerund_Stype_Percentage_AVG,Imperative_Stype_Percentage_AVG,Infinitive_Stype_Percentage_AVG,Interjection_Stype_Percentage_AVG,Multiple_Stype_Percentage_AVG,Other_Stype_Percentage_AVG,Question_Stype_Percentage_AVG,Subordinate_Stype_Percentage_AVG,Whword_Stype_Percentage_AVG,EDU_tense_Fut_Percentage_AVG,EDU_tense_Modal_Percentage_AVG,EDU_tense_None_Percentage_AVG,EDU_tense_Past_Percentage_AVG,EDU_tense_Pres_Percentage_AVG
academic,8.761666666666667,33.99111111111111,37.75,73.55333333333334,5.654444444444445,3.056111111111111,2.8066666666666666,6.652777777777778,0.9500000000000001,27.767777777777777,1.5616666666666665,12.297222222222222,13.95722222222222,3.1144444444444446,4.278333333333333,5.1866666666666665,2.763888888888889,9.558333333333334,0.39055555555555554,1.2638888888888888,74.50222222222222,0.20166666666666666,19.581666666666663,0.17722222222222223,16.381666666666668,0.11555555555555556,10.297777777777778,0.0022222222222222222,0.24222222222222223,0.005555555555555556,0.5772222222222223,0.03666666666666667,3.318888888888889,0.28444444444444444,19.52277777777778,0.4433333333333333,27.411666666666665,83.83666666666666,6.118888888888889,0.05888888888888889,0.3211111111111111,0.6499999999999999,0.0,3.176111111111111,0.6116666666666667,0.11500000000000002,4.670555555555556,0.44333333333333336,1.0866666666666667,3.461666666666667,62.63166666666666,5.812777777777778,27.007777777777775
bio,9.023,34.317,42.474000000000004,60.60699999999999,4.1585,1.64,3.4435000000000002,10.343,0.1075,23.707,1.0975,8.685500000000001,29.173000000000002,1.3235,4.966,2.7954999999999997,1.093,7.4205,0.044,1.1505,72.2385,0.1935,18.575499999999998,0.177,17.619,0.217,17.003,0.005,0.4505,0.0025,0.27349999999999997,0.072,6.793000000000001,0.1885,15.306999999999999,0.29500000000000004,17.7805,92.44149999999999,5.0525,0.0,0.153,0.0,0.05500000000000001,0.095,1.472,0.18,0.5509999999999999,0.0,0.05500000000000001,1.6704999999999999,55.733000000000004,33.9765,8.564
conversation,5.784285714285715,40.60857142857143,24.882857142857144,74.64714285714285,6.515000000000001,5.6621428571428565,3.1114285714285717,5.758571428571429,1.3135714285714286,11.24642857142857,7.622142857142856,4.145714285714286,14.97,1.3142857142857143,19.75714285714286,1.167857142857143,8.824285714285713,1.9100000000000001,6.679285714285714,0.9492857142857142,62.23714285714285,0.16999999999999998,15.447142857142856,0.057857142857142864,5.692142857142857,0.2621428571428571,24.233571428571427,0.012142857142857141,1.0885714285714285,0.0014285714285714286,0.14357142857142854,0.12714285714285714,10.151428571428571,0.18642857142857142,14.674285714285714,0.135,9.614285714285714,47.722857142857144,8.040714285714285,0.8771428571428571,2.656428571428571,0.5449999999999999,11.353571428571428,6.113571428571428,5.7178571428571425,8.017142857142858,5.963571428571428,2.9914285714285715,1.6821428571428572,5.503571428571428,46.394285714285715,12.700000000000001,33.71928571428571
court,8.13,43.495000000000005,31.075,78.39666666666666,7.88,10.156666666666666,2.61,8.14,1.61,16.263333333333332,3.4583333333333335,10.421666666666667,10.808333333333332,1.6283333333333332,10.726666666666667,4.131666666666667,4.205,5.128333333333333,2.83,1.1333333333333335,67.62166666666667,0.24166666666666667,22.37,0.03333333333333333,3.4933333333333336,0.17500000000000002,16.221666666666668,0.008333333333333333,0.855,0.0016666666666666668,0.10333333333333333,0.11833333333333333,9.73,0.24,20.03,0.31666666666666665,22.080000000000002,72.755,2.2916666666666665,0.0,2.115,0.08666666666666667,3.275,5.8133333333333335,0.69,4.94,6.0566666666666675,1.9799999999999998,1.2966666666666666,8.475,37.75833333333333,17.048333333333332,35.42166666666667
essay,8.398,38.908,39.616,74.26599999999999,9.154,5.664,3.908,11.55,2.0300000000000002,18.604,2.636,6.8,17.785999999999998,1.568,5.836,5.6899999999999995,1.7920000000000003,5.422,1.552,1.078,67.842,0.26399999999999996,25.912,0.10800000000000001,10.128,0.094,8.358,0.016,1.4460000000000002,0.0,0.0,0.074,6.632,0.2,16.816,0.32599999999999996,20.356,67.24600000000001,3.382,0.336,4.936,0.44800000000000006,0.0,5.99,0.158,1.842,13.198000000000002,2.46,0.136,7.164,46.028,8.956,37.714
fiction,7.204210526315789,42.05526315789474,39.65315789473684,65.05578947368421,6.625263157894737,9.09578947368421,5.865263157894737,11.914736842105263,0.6642105263157895,15.676842105263159,5.155263157894737,3.261052631578947,26.576315789473682,3.121052631578947,2.7605263157894737,2.245263157894737,1.516315789473684,4.21157894736842,1.3157894736842106,1.0094736842105263,63.113157894736844,0.24473684210526317,24.085263157894737,0.07789473684210527,7.753684210526315,0.1568421052631579,14.25263157894737,0.015263157894736845,1.4057894736842105,0.0005263157894736842,0.03631578947368421,0.09473684210526316,8.11578947368421,0.19421052631578947,17.146842105263158,0.22578947368421054,15.412631578947368,87.58842105263159,2.5126315789473685,0.0,1.264736842105263,0.0,0.8352631578947369,1.803157894736842,1.4047368421052633,1.4463157894736842,2.3952631578947368,0.7505263157894737,0.4652631578947368,3.3342105263157897,34.68526315789474,43.63578947368421,17.878947368421052
interview,7.67421052631579,41.74368421052632,38.183684210526316,73.78526315789475,6.637368421052631,8.223157894736843,4.616842105263157,10.776315789473685,0.8136842105263158,21.781052631578945,3.6868421052631577,4.0073684210526315,18.48,1.6642105263157896,5.036842105263158,3.499473684210526,2.1336842105263156,3.9826315789473683,4.656315789473684,1.1852631578947368,71.4378947368421,0.21473684210526317,20.30263157894737,0.1163157894736842,11.563157894736841,0.18421052631578946,16.58,0.00631578947368421,0.5436842105263158,0.00368421052631579,0.33421052631578946,0.10368421052631578,8.782105263157895,0.22736842105263158,18.935263157894735,0.3273684210526316,21.147368421052633,75.92684210526315,6.53842105263158,0.7826315789473683,1.0089473684210526,0.0,0.6868421052631578,1.8142105263157895,1.511578947368421,3.9436842105263152,2.445263157894737,5.342105263157895,2.5626315789473684,5.405789473684211,40.60052631578947,16.216842105263158,35.21368421052631
letter,7.8116666666666665,42.75666666666667,40.348333333333336,72.97833333333334,6.736666666666667,5.785,5.978333333333333,8.463333333333333,1.39,20.733333333333334,4.653333333333333,6.640000000000001,18.205000000000002,2.9183333333333334,4.581666666666666,4.751666666666666,1.1433333333333333,6.81,1.2083333333333333,1.015,63.48333333333333,0.25,24.285,0.03666666666666667,3.533333333333333,0.12,9.856666666666667,0.011666666666666667,1.0233333333333334,0.0033333333333333335,0.27499999999999997,0.08833333333333333,7.633333333333333,0.15666666666666665,14.200000000000001,0.3466666666666667,21.471666666666664,67.64999999999999,7.255,0.0,1.235,0.0,0.21833333333333335,6.6433333333333335,0.9100000000000001,1.8800000000000001,13.424999999999999,0.7833333333333333,3.5933333333333337,6.756666666666667,44.63833333333333,10.504999999999999,34.505
news,9.180000000000001,33.57739130434783,43.99260869565217,72.62086956521739,4.788260869565217,13.278695652173912,5.59,13.080869565217393,1.8634782608695653,23.122173913043476,1.3491304347826087,2.255217391304348,17.633478260869566,1.076086956521739,4.197826086956522,4.563478260869565,1.5778260869565217,5.530434782608696,0.09478260869565217,1.3695652173913044,74.91173913043478,0.1956521739130435,19.231304347826086,0.09608695652173913,9.49391304347826,0.2034782608695652,19.1,0.013478260869565217,1.3804347826086956,0.0008695652173913044,0.10913043478260868,0.04782608695652174,4.456521739130435,0.4682608695652174,32.48478260869565,0.34347826086956523,22.511304347826087,87.76217391304348,6.906521739130435,0.07,0.3521739130434782,0.0,0.0,0.3143478260869565,1.5343478260869565,0.05565217391304348,2.9821739130434786,0.022173913043478263,1.4008695652173913,2.844782608695652,47.07782608695652,25.73217391304348,22.94608695652174
podcast,7.194,41.918,31.348000000000003,76.458,9.696000000000002,6.99,2.94,5.85,1.294,16.854,6.758,6.226,10.746,1.564,13.581999999999999,1.722,7.31,5.773999999999999,2.696,1.096,68.13199999999999,0.22400000000000003,21.426,0.038,3.568,0.23400000000000004,19.104,0.006,0.394,0.0,0.0,0.13,10.610000000000001,0.178,15.070000000000002,0.292,18.595999999999997,68.702,2.002,0.65,1.378,0.26,4.2219999999999995,9.26,2.85,3.618,5.6659999999999995,1.3980000000000001,0.6260000000000001,5.268,34.214,13.296000000000001,46.598
reddit,7.354444444444444,43.74055555555556,39.70333333333333,72.53388888888888,10.943333333333333,8.177777777777777,4.770555555555556,8.366666666666667,3.5372222222222223,16.922222222222224,6.569444444444445,8.162777777777778,17.307777777777776,1.2133333333333334,3.29,2.9716666666666667,1.59,4.671666666666667,1.5116666666666667,1.0694444444444444,66.5488888888889,0.26722222222222225,26.14388888888889,0.05722222222222222,5.730555555555556,0.15333333333333335,13.610555555555557,0.015000000000000001,1.4883333333333333,0.0005555555555555556,0.036111111111111115,0.08888888888888889,7.799444444444443,0.19055555555555556,15.448333333333332,0.2961111111111111,18.924444444444443,64.50944444444445,3.1127777777777776,0.19555555555555557,3.5683333333333334,0.036111111111111115,0.3333333333333333,9.850555555555555,4.939444444444444,2.9627777777777777,7.609444444444445,2.8827777777777777,1.5277777777777777,6.926111111111111,36.21666666666667,17.257777777777775,38.07388888888889
speech,8.919333333333332,42.484,36.465333333333334,69.17266666666666,5.658666666666666,5.782,3.4146666666666667,8.892666666666665,0.9659999999999999,22.214,4.113333333333333,6.211333333333333,20.718,2.8666666666666667,4.486,4.820666666666667,2.8600000000000003,6.489333333333334,0.49733333333333335,1.1506666666666667,68.56733333333334,0.23333333333333334,22.729333333333333,0.034666666666666665,3.433333333333333,0.13799999999999998,12.159333333333333,0.008,0.7566666666666667,0.0026666666666666666,0.22933333333333333,0.09666666666666666,7.479333333333333,0.20400000000000001,16.112666666666666,0.434,26.799333333333333,82.59066666666668,1.5486666666666664,0.2033333333333333,2.869333333333333,0.224,1.3126666666666664,3.179333333333333,0.20333333333333334,0.5113333333333333,6.197333333333334,1.1573333333333333,3.8373333333333335,6.134,39.494,10.548666666666666,39.986666666666665
textbook,8.270666666666667,37.60066666666667,37.202666666666666,72.38933333333333,6.8373333333333335,5.642666666666667,3.9739999999999998,8.241333333333333,2.126,24.962666666666667,1.48,6.827333333333333,15.633999999999999,2.2373333333333334,6.283333333333333,4.517333333333334,2.0726666666666667,8.218666666666667,0.9433333333333334,1.1520000000000001,70.14533333333334,0.21866666666666668,21.165333333333333,0.11333333333333333,10.989333333333333,0.10066666666666667,9.142,0.006666666666666667,0.6253333333333333,0.006,0.5546666666666666,0.04133333333333333,3.8706666666666667,0.24866666666666667,19.024,0.41733333333333333,25.446666666666665,76.242,4.948666666666667,0.09866666666666667,3.3253333333333335,0.8126666666666666,0.0,2.05,1.2146666666666668,1.0733333333333335,8.326,1.9093333333333333,1.526,4.804666666666666,48.072,13.933333333333334,31.665333333333333
vlog,6.997333333333333,44.974666666666664,28.824,73.50266666666667,7.716666666666667,6.62,6.712000000000001,8.753333333333334,1.7573333333333332,14.894666666666668,7.719333333333334,4.984,17.456,1.0653333333333335,8.822666666666667,1.9953333333333334,5.214666666666667,3.7126666666666663,2.5780000000000003,1.0973333333333335,69.27666666666667,0.2886666666666667,26.577999999999996,0.025333333333333333,2.5933333333333333,0.23066666666666666,19.978,0.01,0.8713333333333334,0.0,0.0,0.16933333333333334,13.857333333333335,0.20133333333333334,15.848666666666666,0.17200000000000001,11.258666666666667,70.14,2.4593333333333334,0.11733333333333333,2.2746666666666666,0.034666666666666665,4.452,12.554666666666666,1.0393333333333332,2.9186666666666667,2.0593333333333335,1.9473333333333334,1.6453333333333333,4.1160000000000005,31.057333333333336,16.008666666666667,47.17266666666667
voyage,9.441666666666666,35.693333333333335,42.92388888888889,62.45166666666666,6.407777777777778,1.0016666666666667,4.627222222222223,7.497777777777778,2.035,23.341666666666665,3.011111111111111,4.856111111111111,28.724999999999998,0.6555555555555556,6.613333333333333,2.9244444444444446,2.2983333333333333,5.895,0.11555555555555556,0.9977777777777779,67.36,0.21777777777777776,21.51,0.16777777777777778,16.790555555555557,0.11166666666666668,8.660555555555554,0.011111111111111112,1.0238888888888888,0.002777777777777778,0.28611111111111115,0.037222222222222226,3.618333333333333,0.23166666666666666,18.791666666666668,0.21833333333333335,12.81111111111111,76.38000000000001,12.3,0.0,4.773333333333333,0.0,0.0,1.63,0.48888888888888893,0.0,4.3694444444444445,0.05888888888888889,1.5677777777777777,4.372777777777777,53.06388888888889,7.277222222222223,33.71666666666667
whow,7.165263157894736,39.369473684210526,37.711052631578944,64.90052631578946,7.681052631578948,2.3878947368421053,2.934736842105263,6.773684210526315,6.371052631578947,15.997894736842108,1.3168421052631578,6.367894736842105,27.18263157894737,2.6,7.011052631578948,6.066315789473684,2.436315789473684,4.410526315789474,0.46315789473684216,1.0868421052631578,76.10526315789474,0.29263157894736846,28.853684210526318,0.19947368421052633,19.70263157894737,0.07842105263157895,6.537368421052631,0.039473684210526314,4.074210526315789,0.002105263157894737,0.13789473684210526,0.05526315789473685,4.851578947368421,0.18263157894736842,14.849473684210526,0.2336842105263158,15.56578947368421,38.492105263157896,6.2973684210526315,0.9094736842105263,37.90052631578948,0.973157894736842,0.0,4.0873684210526315,0.5815789473684211,0.5731578947368421,9.85421052631579,0.33,3.4010526315789478,8.07736842105263,59.81421052631579,0.865263157894737,27.841578947368422
